seq_len,iso_count,n_dons,n_accs,time
300,0,1,4,1.5020370483398438e-05
300,0,1,6,1.239776611328125e-05
300,0,3,1,1.1444091796875e-05
300,0,4,1,1.049041748046875e-05
300,0,3,2,1.049041748046875e-05
300,0,5,3,1.0728836059570312e-05
300,1,3,2,1.239776611328125e-05
300,0,4,4,1.1444091796875e-05
300,0,2,2,1.0251998901367188e-05
300,0,1,1,9.059906005859375e-06
300,0,1,5,9.298324584960938e-06
300,0,1,2,9.059906005859375e-06
300,0,2,2,9.775161743164062e-06
300,0,2,5,1.0251998901367188e-05
300,0,2,2,9.5367431640625e-06
300,0,5,3,1.1682510375976562e-05
300,1,5,3,1.239776611328125e-05
300,0,4,3,1.1205673217773438e-05
300,0,4,5,1.049041748046875e-05
300,1,4,6,1.2636184692382812e-05
300,0,3,5,1.0728836059570312e-05
300,0,2,1,9.059906005859375e-06
300,0,5,2,1.1205673217773438e-05
300,0,1,2,8.821487426757812e-06
300,0,1,4,9.298324584960938e-06
300,2,4,3,1.2874603271484375e-05
300,0,3,5,1.0013580322265625e-05
300,0,3,1,9.775161743164062e-06
300,0,3,3,1.0013580322265625e-05
300,0,0,2,8.58306884765625e-06
300,0,0,2,8.106231689453125e-06
300,0,4,2,1.049041748046875e-05
300,0,2,1,9.298324584960938e-06
300,2,5,4,1.33514404296875e-05
300,0,2,4,9.5367431640625e-06
300,0,4,2,1.0251998901367188e-05
300,2,3,6,1.2636184692382812e-05
300,0,3,3,1.049041748046875e-05
300,0,4,2,1.049041748046875e-05
300,0,1,2,9.059906005859375e-06
300,0,5,1,1.0013580322265625e-05
300,0,5,5,1.1682510375976562e-05
300,0,3,3,9.775161743164062e-06
300,1,5,2,1.1920928955078125e-05
300,3,5,6,1.4781951904296875e-05
300,0,1,5,9.5367431640625e-06
300,1,4,4,1.1920928955078125e-05
300,0,4,2,1.0251998901367188e-05
300,0,2,4,8.821487426757812e-06
300,0,2,5,1.1682510375976562e-05
300,0,2,2,9.298324584960938e-06
300,0,2,2,9.5367431640625e-06
300,0,1,2,8.821487426757812e-06
300,1,4,2,1.1444091796875e-05
300,0,1,2,9.298324584960938e-06
300,0,3,3,1.0251998901367188e-05
300,0,1,2,9.059906005859375e-06
300,0,2,5,9.5367431640625e-06
300,0,1,3,8.821487426757812e-06
300,0,2,2,8.821487426757812e-06
300,0,3,4,1.0013580322265625e-05
300,0,1,1,9.059906005859375e-06
300,0,4,3,1.0728836059570312e-05
300,2,2,3,1.2159347534179688e-05
300,0,3,2,1.049041748046875e-05
300,0,5,4,1.1682510375976562e-05
300,0,5,3,1.049041748046875e-05
300,0,3,2,1.0013580322265625e-05
300,0,6,4,1.1682510375976562e-05
300,0,2,4,9.775161743164062e-06
300,0,2,2,9.5367431640625e-06
300,0,0,3,8.106231689453125e-06
300,0,4,2,1.0251998901367188e-05
300,0,2,3,9.059906005859375e-06
300,1,5,4,1.1920928955078125e-05
300,0,3,5,1.0251998901367188e-05
300,0,1,3,9.298324584960938e-06
300,0,4,1,1.0013580322265625e-05
300,1,9,3,1.430511474609375e-05
300,0,2,1,9.5367431640625e-06
300,0,0,2,8.58306884765625e-06
300,0,5,4,1.0967254638671875e-05
300,0,2,6,9.5367431640625e-06
300,0,2,4,9.5367431640625e-06
300,0,1,0,9.5367431640625e-06
300,5,5,9,1.7642974853515625e-05
300,2,5,3,1.33514404296875e-05
300,3,4,4,1.33514404296875e-05
300,0,2,1,9.775161743164062e-06
300,0,1,4,9.5367431640625e-06
300,2,3,1,1.1205673217773438e-05
300,1,5,5,1.1920928955078125e-05
300,0,4,4,1.0967254638671875e-05
300,0,1,3,1.049041748046875e-05
300,0,3,1,9.5367431640625e-06
300,1,2,4,1.0967254638671875e-05
300,0,1,2,9.059906005859375e-06
300,0,2,1,9.298324584960938e-06
300,0,2,0,8.821487426757812e-06
300,1,2,4,1.049041748046875e-05
350,12,5,5,2.7894973754882812e-05
350,3,2,5,1.9073486328125e-05
350,3,1,4,1.7404556274414062e-05
350,11,4,5,2.3603439331054688e-05
350,2,6,3,1.9311904907226562e-05
350,11,8,6,2.7179718017578125e-05
350,7,4,7,2.288818359375e-05
350,4,6,5,2.193450927734375e-05
350,11,5,10,3.266334533691406e-05
350,3,8,5,2.384185791015625e-05
350,1,3,8,1.811981201171875e-05
350,4,6,4,2.4318695068359375e-05
350,10,8,6,3.0040740966796875e-05
350,10,6,6,2.6941299438476562e-05
350,16,6,8,3.266334533691406e-05
350,3,4,3,1.9550323486328125e-05
350,7,7,4,2.956390380859375e-05
350,0,5,6,1.7881393432617188e-05
350,17,7,11,3.3855438232421875e-05
350,3,7,6,2.384185791015625e-05
350,17,9,7,4.482269287109375e-05
350,4,5,8,2.47955322265625e-05
350,6,7,3,2.4318695068359375e-05
350,1,4,3,1.8835067749023438e-05
350,9,8,4,2.5987625122070312e-05
350,6,5,4,2.193450927734375e-05
350,14,7,10,3.170967102050781e-05
350,0,3,6,1.71661376953125e-05
350,3,4,5,1.9788742065429688e-05
350,6,2,6,1.9550323486328125e-05
350,4,5,8,2.193450927734375e-05
350,11,9,8,3.1948089599609375e-05
350,10,6,7,2.6226043701171875e-05
350,12,6,5,2.7418136596679688e-05
350,1,4,2,1.7404556274414062e-05
350,10,7,9,2.765655517578125e-05
350,4,3,10,2.002716064453125e-05
350,5,5,4,2.47955322265625e-05
350,14,7,6,3.147125244140625e-05
350,8,6,7,2.4318695068359375e-05
350,10,6,6,3.123283386230469e-05
350,19,10,4,3.5762786865234375e-05
350,8,8,5,2.5033950805664062e-05
350,1,2,2,1.6450881958007812e-05
350,9,6,9,2.8848648071289062e-05
350,0,5,4,1.7404556274414062e-05
350,5,2,6,1.8835067749023438e-05
350,3,2,4,1.7404556274414062e-05
350,11,8,5,3.0279159545898438e-05
350,10,6,8,2.9325485229492188e-05
350,8,3,6,2.0742416381835938e-05
350,3,6,4,2.0503997802734375e-05
350,11,6,6,2.8371810913085938e-05
350,7,7,6,2.6702880859375e-05
350,4,2,7,1.8596649169921875e-05
350,24,8,7,5.125999450683594e-05
350,0,4,4,1.71661376953125e-05
350,21,9,8,4.124641418457031e-05
350,8,5,6,2.3126602172851562e-05
350,1,6,5,1.9550323486328125e-05
350,9,7,6,2.5987625122070312e-05
350,6,5,6,2.1696090698242188e-05
350,8,3,8,2.1457672119140625e-05
350,7,5,5,2.3365020751953125e-05
350,3,4,4,2.0265579223632812e-05
350,8,7,6,2.6941299438476562e-05
350,2,1,4,1.6689300537109375e-05
350,2,8,6,2.193450927734375e-05
350,1,5,2,1.9550323486328125e-05
350,7,5,5,2.4557113647460938e-05
350,6,5,3,2.1219253540039062e-05
350,12,8,3,2.956390380859375e-05
350,6,5,7,2.2411346435546875e-05
350,5,5,5,2.1457672119140625e-05
350,16,7,9,3.5762786865234375e-05
350,24,7,13,4.696846008300781e-05
350,12,4,11,2.7418136596679688e-05
350,12,12,6,3.981590270996094e-05
350,6,8,7,2.9087066650390625e-05
350,4,6,7,2.3603439331054688e-05
350,21,7,9,3.361701965332031e-05
350,12,5,9,2.8371810913085938e-05
350,2,4,7,1.9073486328125e-05
350,3,6,6,2.1696090698242188e-05
350,0,6,2,1.71661376953125e-05
350,4,6,3,2.288818359375e-05
350,0,5,4,1.71661376953125e-05
350,10,6,4,2.5272369384765625e-05
350,7,4,6,2.2649765014648438e-05
350,19,6,7,3.147125244140625e-05
350,6,6,6,2.574920654296875e-05
350,8,8,6,2.8133392333984375e-05
350,0,6,4,1.7881393432617188e-05
350,23,5,9,3.2901763916015625e-05
350,14,8,7,3.7670135498046875e-05
350,0,4,4,1.6927719116210938e-05
350,2,6,6,2.0742416381835938e-05
350,1,4,5,1.7642974853515625e-05
350,0,4,3,1.6450881958007812e-05
350,6,7,5,2.4318695068359375e-05
400,63,8,11,9.584426879882812e-05
400,52,6,14,6.580352783203125e-05
400,44,10,12,8.392333984375e-05
400,32,11,10,7.295608520507812e-05
400,26,8,14,6.365776062011719e-05
400,22,7,8,4.482269287109375e-05
400,57,13,8,9.274482727050781e-05
400,9,8,7,3.886222839355469e-05
400,28,8,7,5.125999450683594e-05
400,12,6,5,3.528594970703125e-05
400,13,6,9,4.172325134277344e-05
400,14,6,8,4.076957702636719e-05
400,43,8,11,6.246566772460938e-05
400,26,12,7,6.461143493652344e-05
400,40,10,9,7.867813110351562e-05
400,16,8,14,4.839897155761719e-05
400,5,6,3,2.8133392333984375e-05
400,19,4,8,3.719329833984375e-05
400,31,10,6,4.887580871582031e-05
400,17,11,6,4.863739013671875e-05
400,4,4,5,2.6941299438476562e-05
400,25,11,8,6.890296936035156e-05
400,28,6,9,4.649162292480469e-05
400,18,11,8,4.982948303222656e-05
400,17,8,6,4.291534423828125e-05
400,14,11,6,5.340576171875e-05
400,22,6,7,3.719329833984375e-05
400,11,12,6,4.7206878662109375e-05
400,2,5,8,2.6464462280273438e-05
400,9,4,7,2.9325485229492188e-05
400,37,6,14,5.7697296142578125e-05
400,17,4,11,3.647804260253906e-05
400,18,10,6,5.269050598144531e-05
400,13,4,7,3.5762786865234375e-05
400,11,10,7,6.008148193359375e-05
400,4,5,6,2.7179718017578125e-05
400,43,11,8,8.96453857421875e-05
400,30,12,7,7.748603820800781e-05
400,11,11,5,4.410743713378906e-05
400,21,10,11,7.653236389160156e-05
400,63,12,13,0.00010704994201660156
400,33,10,7,6.842613220214844e-05
400,5,8,8,3.6716461181640625e-05
400,13,7,6,5.4836273193359375e-05
400,17,8,8,4.029273986816406e-05
400,5,7,7,3.4332275390625e-05
400,8,7,10,3.2901763916015625e-05
400,47,11,9,9.703636169433594e-05
400,8,5,10,3.4332275390625e-05
400,15,6,13,4.363059997558594e-05
400,3,7,2,2.6702880859375e-05
400,39,12,9,8.034706115722656e-05
400,23,8,9,5.698204040527344e-05
400,4,6,7,3.409385681152344e-05
400,33,10,7,5.626678466796875e-05
400,12,3,6,2.8848648071289062e-05
400,10,9,4,3.719329833984375e-05
400,10,7,5,4.1961669921875e-05
400,8,7,9,3.910064697265625e-05
400,27,6,13,5.173683166503906e-05
400,28,10,9,6.413459777832031e-05
400,81,8,11,9.417533874511719e-05
400,59,14,11,0.00013637542724609375
400,6,4,9,3.170967102050781e-05
400,26,10,8,4.696846008300781e-05
400,15,11,5,3.9577484130859375e-05
400,26,11,7,5.2928924560546875e-05
400,37,11,11,9.393692016601562e-05
400,24,8,8,5.507469177246094e-05
400,0,9,2,2.3603439331054688e-05
400,28,9,6,6.103515625e-05
400,25,11,10,5.7697296142578125e-05
400,7,8,6,3.838539123535156e-05
400,20,9,8,5.555152893066406e-05
400,16,9,12,4.935264587402344e-05
400,16,6,6,3.743171691894531e-05
400,4,4,7,2.6464462280273438e-05
400,22,5,10,4.38690185546875e-05
400,89,13,6,0.00010609626770019531
400,5,3,8,2.6941299438476562e-05
400,50,8,12,7.62939453125e-05
400,7,7,4,2.9325485229492188e-05
400,17,5,12,4.5299530029296875e-05
400,15,6,9,3.7670135498046875e-05
400,31,8,12,6.532669067382812e-05
400,27,13,8,6.4849853515625e-05
400,45,10,6,7.653236389160156e-05
400,12,9,7,4.363059997558594e-05
400,22,11,7,4.744529724121094e-05
400,5,5,8,2.7418136596679688e-05
400,18,7,9,4.291534423828125e-05
400,7,4,8,3.0994415283203125e-05
400,16,6,7,3.600120544433594e-05
400,12,8,9,4.100799560546875e-05
400,7,9,4,3.218650817871094e-05
400,7,4,7,3.170967102050781e-05
400,21,8,6,5.054473876953125e-05
400,7,6,11,3.0517578125e-05
400,11,6,12,3.62396240234375e-05
400,11,3,6,2.9325485229492188e-05
450,47,15,11,0.00018787384033203125
450,211,10,15,0.0002646446228027344
450,297,10,16,0.0003910064697265625
450,26,9,7,5.316734313964844e-05
450,92,6,16,0.00013446807861328125
450,134,15,10,0.00034737586975097656
450,141,14,14,0.00019860267639160156
450,47,7,13,8.034706115722656e-05
450,16,10,5,5.602836608886719e-05
450,244,13,15,0.0002758502960205078
450,137,14,10,0.00022077560424804688
450,49,13,11,0.00010561943054199219
450,27,7,14,7.176399230957031e-05
450,40,10,12,9.703636169433594e-05
450,6,4,9,3.719329833984375e-05
450,68,15,7,0.00020194053649902344
450,119,13,12,0.0001735687255859375
450,47,10,8,9.393692016601562e-05
450,54,14,12,0.00011873245239257812
450,221,12,10,0.00020623207092285156
450,174,15,12,0.0002415180206298828
450,10,3,12,4.363059997558594e-05
450,336,12,15,0.0003895759582519531
450,21,8,10,8.082389831542969e-05
450,84,14,11,0.00015878677368164062
450,120,12,18,0.0002124309539794922
450,68,14,9,0.0001201629638671875
450,206,12,14,0.00034618377685546875
450,58,6,13,7.295608520507812e-05
450,38,11,9,9.72747802734375e-05
450,37,11,10,9.846687316894531e-05
450,20,9,7,7.104873657226562e-05
450,55,11,9,0.00012612342834472656
450,22,9,5,5.364418029785156e-05
450,40,9,8,6.747245788574219e-05
450,233,14,15,0.0003383159637451172
450,103,9,15,0.0001838207244873047
450,215,8,19,0.00017213821411132812
450,155,13,11,0.00020122528076171875
450,71,13,11,0.0001811981201171875
450,176,13,13,0.00027942657470703125
450,91,6,14,0.00011229515075683594
450,83,13,15,0.000247955322265625
450,124,10,12,0.0001742839813232422
450,50,12,9,0.000125885009765625
450,180,14,14,0.00029850006103515625
450,38,11,9,9.584426879882812e-05
450,18,11,7,7.367134094238281e-05
450,39,10,11,0.00010013580322265625
450,45,9,12,8.392333984375e-05
450,154,14,14,0.0002665519714355469
450,117,9,13,0.00017523765563964844
450,268,15,15,0.0003800392150878906
450,164,8,16,0.00015211105346679688
450,304,13,12,0.000308990478515625
450,139,13,10,0.00014090538024902344
450,37,11,14,7.009506225585938e-05
450,125,11,9,0.0001590251922607422
450,87,10,11,0.00012922286987304688
450,109,11,13,0.0001926422119140625
450,355,12,14,0.00043082237243652344
450,123,11,12,0.00014662742614746094
450,54,11,9,0.00012874603271484375
450,32,13,8,9.608268737792969e-05
450,43,9,13,0.00011038780212402344
450,58,11,9,0.0001404285430908203
450,14,4,11,4.887580871582031e-05
450,78,6,16,8.177757263183594e-05
450,100,13,10,0.00017213821411132812
450,12,10,9,5.4836273193359375e-05
450,35,10,9,0.00011682510375976562
450,28,5,11,4.7206878662109375e-05
450,108,17,16,0.0001900196075439453
450,147,9,16,0.00024080276489257812
450,196,10,17,0.00030350685119628906
450,93,9,12,0.00017571449279785156
450,46,6,11,5.91278076171875e-05
450,26,10,11,6.4849853515625e-05
450,164,9,18,0.00023889541625976562
450,68,12,8,0.0001246929168701172
450,105,9,8,0.00010585784912109375
450,106,14,14,0.0002162456512451172
450,23,12,6,7.677078247070312e-05
450,79,12,9,0.00014925003051757812
450,127,13,13,0.00017952919006347656
450,28,10,11,9.5367431640625e-05
450,36,7,11,7.367134094238281e-05
450,79,8,12,0.00010442733764648438
450,70,7,16,8.487701416015625e-05
450,159,12,13,0.00018024444580078125
450,40,8,8,5.817413330078125e-05
450,184,19,17,0.000537872314453125
450,228,17,17,0.0006101131439208984
450,52,6,13,6.651878356933594e-05
450,92,6,15,9.822845458984375e-05
450,41,6,12,9.131431579589844e-05
450,69,17,10,0.0002503395080566406
450,27,8,10,5.245208740234375e-05
450,54,8,10,7.915496826171875e-05
450,84,14,13,0.00017380714416503906
500,108,15,11,0.0002219676971435547
500,1111,14,19,0.0013628005981445312
500,138,15,9,0.00021219253540039062
500,905,14,17,0.0009329319000244141
500,272,13,11,0.00037360191345214844
500,42,15,11,0.00016069412231445312
500,197,8,16,0.00021886825561523438
500,179,13,17,0.00032210350036621094
500,96,15,11,0.0002789497375488281
500,117,14,17,0.00044035911560058594
500,138,17,6,0.00020837783813476562
500,965,17,17,0.00093841552734375
500,107,15,8,0.0002014636993408203
500,287,13,16,0.0003561973571777344
500,318,11,20,0.0003457069396972656
500,218,13,17,0.0005197525024414062
500,1390,20,16,0.0017435550689697266
500,191,11,14,0.0003256797790527344
500,423,21,15,0.0010540485382080078
500,99,14,8,0.00021386146545410156
500,803,21,15,0.0012211799621582031
500,347,13,15,0.0003597736358642578
500,54,6,13,0.00010180473327636719
500,164,9,13,0.0002560615539550781
500,81,18,13,0.0003387928009033203
500,275,10,17,0.00036144256591796875
500,208,12,20,0.00035119056701660156
500,248,14,13,0.000415802001953125
500,336,13,14,0.0004317760467529297
500,359,15,18,0.0009012222290039062
500,49,7,10,9.870529174804688e-05
500,214,11,14,0.0002391338348388672
500,451,12,17,0.00042057037353515625
500,68,8,14,9.989738464355469e-05
500,587,16,16,0.0008420944213867188
500,49,10,8,9.560585021972656e-05
500,654,13,18,0.0008771419525146484
500,259,16,16,0.0007882118225097656
500,56,8,16,0.00014662742614746094
500,455,12,20,0.0006875991821289062
500,391,14,16,0.0004067420959472656
500,55,6,11,9.512901306152344e-05
500,188,11,18,0.0003669261932373047
500,201,13,14,0.0004596710205078125
500,437,14,12,0.0005123615264892578
500,17,4,15,4.482269287109375e-05
500,62,15,9,0.000202178955078125
500,20,9,11,7.82012939453125e-05
500,131,14,11,0.0002129077911376953
500,233,11,14,0.0002906322479248047
500,74,13,15,0.0002148151397705078
500,48,15,12,0.00018095970153808594
500,207,13,16,0.0003407001495361328
500,119,9,19,0.0001983642578125
500,233,10,13,0.00023317337036132812
500,223,12,12,0.00025463104248046875
500,196,16,10,0.0003116130828857422
500,319,16,15,0.0004558563232421875
500,646,18,16,0.0007774829864501953
500,125,11,9,0.00016307830810546875
500,503,14,12,0.0007171630859375
500,269,11,12,0.0004611015319824219
500,1759,19,16,0.002146482467651367
500,31,7,9,6.389617919921875e-05
500,136,14,10,0.00015926361083984375
500,155,10,10,0.00015544891357421875
500,221,15,13,0.00032138824462890625
500,123,15,8,0.00019216537475585938
500,68,10,12,0.00018143653869628906
500,5,12,3,4.8160552978515625e-05
500,209,13,15,0.0003647804260253906
500,327,13,15,0.0006384849548339844
500,479,18,17,0.0008692741394042969
500,195,14,14,0.0004334449768066406
500,187,14,11,0.0004646778106689453
500,905,22,18,0.0016703605651855469
500,163,13,12,0.0002453327178955078
500,146,13,15,0.00029277801513671875
500,308,13,14,0.0005307197570800781
500,160,8,14,0.00019693374633789062
500,107,11,13,0.0002582073211669922
500,144,16,14,0.00033354759216308594
500,631,16,16,0.0009260177612304688
500,245,11,18,0.0004508495330810547
500,1160,22,16,0.0018417835235595703
500,629,12,19,0.0008203983306884766
500,177,12,14,0.0003497600555419922
500,130,12,12,0.0002567768096923828
500,210,18,9,0.0003800392150878906
500,565,17,17,0.0007085800170898438
500,166,11,18,0.00026869773864746094
500,138,10,12,0.0002357959747314453
500,44,11,7,9.799003601074219e-05
500,855,19,17,0.0013926029205322266
500,339,14,16,0.000640869140625
500,279,9,16,0.0004086494445800781
500,388,15,15,0.00047206878662109375
500,52,11,17,0.00024127960205078125
500,533,14,15,0.0007207393646240234
500,595,15,18,0.000797271728515625
550,353,17,15,0.001068115234375
550,850,15,15,0.0009362697601318359
550,492,13,13,0.00046253204345703125
550,1418,14,20,0.0018091201782226562
550,223,18,11,0.00045800209045410156
550,439,15,11,0.0006287097930908203
550,332,8,19,0.0002713203430175781
550,147,14,11,0.0002346038818359375
550,1459,21,14,0.0014584064483642578
550,476,11,20,0.0005342960357666016
550,560,21,13,0.001903533935546875
550,1067,14,16,0.0010030269622802734
550,277,10,16,0.0003304481506347656
550,2306,17,19,0.002851724624633789
550,638,19,16,0.0011365413665771484
550,2395,20,21,0.0031838417053222656
550,727,17,17,0.0010745525360107422
550,403,17,14,0.0008091926574707031
550,1645,21,15,0.002803325653076172
550,755,11,16,0.0006077289581298828
550,939,18,19,0.0013041496276855469
550,2215,16,17,0.0035614967346191406
550,129,17,11,0.0005004405975341797
550,190,10,21,0.00033783912658691406
550,259,13,14,0.0005700588226318359
550,5307,17,23,0.004876613616943359
550,899,15,16,0.0009920597076416016
550,1052,21,17,0.0022535324096679688
550,886,17,20,0.0023193359375
550,113,13,14,0.0002129077911376953
550,107,9,15,0.00018024444580078125
550,359,14,14,0.00045609474182128906
550,1098,17,20,0.001967191696166992
550,733,19,12,0.0008308887481689453
550,283,13,11,0.0003452301025390625
550,1726,15,18,0.0018465518951416016
550,335,13,11,0.0006341934204101562
550,567,13,12,0.00044274330139160156
550,1828,22,15,0.0026721954345703125
550,5815,20,20,0.0054585933685302734
550,648,18,13,0.0010864734649658203
550,4876,21,22,0.007558584213256836
550,470,13,18,0.00045680999755859375
550,2153,17,13,0.002366304397583008
550,3340,19,23,0.006384372711181641
550,94,11,15,0.00018739700317382812
550,1255,17,19,0.0015821456909179688
550,1080,16,14,0.0012211799621582031
550,199,9,15,0.00030517578125
550,629,14,15,0.0007026195526123047
550,297,9,15,0.0003509521484375
550,1117,19,15,0.001912832260131836
550,2958,20,20,0.003696441650390625
550,945,14,20,0.0013880729675292969
550,2205,18,18,0.002259492874145508
550,2677,18,20,0.0019850730895996094
550,495,15,19,0.0008332729339599609
550,1949,18,16,0.0023288726806640625
550,783,11,21,0.0007650852203369141
550,365,15,12,0.0004317760467529297
550,431,13,20,0.0005424022674560547
550,972,14,18,0.0012443065643310547
550,143,12,14,0.00025916099548339844
550,3035,13,21,0.0024902820587158203
550,532,19,9,0.0006806850433349609
550,749,21,16,0.0017426013946533203
550,761,19,11,0.0008313655853271484
550,779,22,16,0.0031816959381103516
550,937,17,13,0.0011763572692871094
550,517,16,14,0.0011641979217529297
550,1761,17,19,0.0024003982543945312
550,3257,18,23,0.0048389434814453125
550,164,8,11,0.00021648406982421875
550,767,18,17,0.0017979145050048828
550,1079,12,25,0.0016529560089111328
550,773,16,13,0.0012392997741699219
550,3485,23,25,0.006243228912353516
550,1591,21,20,0.0026569366455078125
550,860,17,20,0.001766204833984375
550,1079,20,19,0.0020029544830322266
550,1803,22,18,0.0032722949981689453
550,1115,16,21,0.001975536346435547
550,3161,18,21,0.003907680511474609
550,208,13,12,0.00028777122497558594
550,828,13,22,0.001176595687866211
550,1400,15,20,0.0022432804107666016
550,949,20,15,0.0023529529571533203
550,281,10,15,0.00029397010803222656
550,661,16,14,0.0010547637939453125
550,3665,23,25,0.008503913879394531
550,944,14,20,0.0012276172637939453
550,397,13,12,0.0005133152008056641
550,915,14,15,0.0010046958923339844
550,761,12,11,0.0006878376007080078
550,253,13,19,0.0006036758422851562
550,5947,21,19,0.005297660827636719
550,345,17,16,0.001058816909790039
550,971,16,28,0.0017518997192382812
550,1848,15,20,0.0019724369049072266
550,388,16,11,0.0005979537963867188
600,667,12,17,0.0006620883941650391
600,825,17,13,0.0009951591491699219
600,851,12,15,0.0009734630584716797
600,4588,22,19,0.0061914920806884766
600,285,16,13,0.0008974075317382812
600,2570,18,17,0.0035445690155029297
600,7531,26,21,0.009545087814331055
600,1855,15,23,0.003289461135864258
600,269,14,16,0.000766754150390625
600,1167,23,16,0.0035943984985351562
600,10305,17,29,0.009221792221069336
600,4398,22,22,0.00517725944519043
600,2180,21,23,0.004457950592041016
600,1776,16,18,0.002858877182006836
600,10735,23,24,0.015407562255859375
600,876,15,16,0.001458883285522461
600,1340,18,16,0.0019516944885253906
600,16541,20,26,0.02262735366821289
600,1430,12,22,0.001142740249633789
600,2231,25,20,0.006773471832275391
600,1396,17,15,0.002630472183227539
600,1581,17,20,0.0016331672668457031
600,6095,27,25,0.017241477966308594
600,1307,14,21,0.0017180442810058594
600,2489,17,16,0.0026655197143554688
600,175,10,17,0.0003190040588378906
600,6510,15,24,0.007271766662597656
600,2261,17,19,0.0018725395202636719
600,1837,15,20,0.0026557445526123047
600,4126,19,17,0.0052106380462646484
600,1199,15,18,0.001651763916015625
600,5480,22,19,0.0058786869049072266
600,9963,23,26,0.023312091827392578
600,2844,17,19,0.0025365352630615234
600,12249,25,20,0.01857280731201172
600,1040,20,18,0.00273895263671875
600,4536,20,17,0.005543947219848633
600,5494,19,21,0.008227348327636719
600,5322,16,29,0.007981538772583008
600,3933,25,21,0.007426023483276367
600,3597,22,23,0.01182866096496582
600,2302,18,17,0.0032918453216552734
600,5657,19,19,0.0047953128814697266
600,1991,20,18,0.0033249855041503906
600,3135,23,17,0.00632166862487793
600,3832,15,20,0.0027313232421875
600,12787,26,22,0.015565872192382812
600,4464,17,16,0.004339694976806641
600,2123,26,19,0.004407405853271484
600,12921,23,24,0.016979217529296875
600,437,17,12,0.000762939453125
600,3375,22,23,0.012195825576782227
600,621,15,21,0.0007863044738769531
600,11465,20,24,0.014658212661743164
600,5241,24,24,0.010590076446533203
600,1599,15,20,0.002476930618286133
600,14795,27,17,0.020147323608398438
600,1714,17,18,0.002091646194458008
600,6880,23,23,0.00983285903930664
600,1625,17,18,0.001623392105102539
600,9588,19,24,0.007212162017822266
600,8946,23,24,0.017232179641723633
600,1888,27,15,0.0050084590911865234
600,755,16,15,0.0009784698486328125
600,4429,19,23,0.007631063461303711
600,1065,18,17,0.0014698505401611328
600,2659,27,13,0.003002643585205078
600,6263,24,22,0.00989389419555664
600,823,14,17,0.0010166168212890625
600,4345,14,27,0.006928920745849609
600,857,20,13,0.0010831356048583984
600,20082,32,26,0.04763340950012207
600,5809,19,20,0.007528781890869141
600,2099,18,18,0.0025184154510498047
600,3440,23,20,0.0049326419830322266
600,797,15,15,0.0007414817810058594
600,14175,22,22,0.010474205017089844
600,5079,16,28,0.006624937057495117
600,8147,18,29,0.011735200881958008
600,915,18,12,0.0013988018035888672
600,1484,19,17,0.0020008087158203125
600,10165,17,21,0.010062217712402344
600,4589,16,22,0.003573894500732422
600,817,16,16,0.002057790756225586
600,2295,16,21,0.003851652145385742
600,4217,22,25,0.006107330322265625
600,1278,13,20,0.001373291015625
600,5792,26,21,0.007825613021850586
600,1703,21,17,0.001825571060180664
600,2474,17,22,0.0027742385864257812
600,13094,27,20,0.015481710433959961
600,2377,22,21,0.004755496978759766
600,2791,18,22,0.004756927490234375
600,452,18,15,0.0010585784912109375
600,2813,16,16,0.0025281906127929688
600,951,15,25,0.0014336109161376953
600,266,10,17,0.0003764629364013672
600,3191,21,22,0.0049703121185302734
600,4451,24,16,0.008139610290527344
600,8892,18,23,0.010216951370239258
650,310,10,19,0.0002932548522949219
650,7791,18,27,0.013953208923339844
650,13383,21,25,0.019038915634155273
650,32271,18,37,0.035001277923583984
650,12819,19,22,0.01716780662536621
650,26840,22,26,0.036981821060180664
650,8335,26,28,0.03081536293029785
650,13533,21,26,0.01988077163696289
650,3387,17,21,0.005208730697631836
650,4388,21,20,0.010258913040161133
650,21552,24,22,0.0276491641998291
650,24254,20,27,0.028969526290893555
650,2227,18,24,0.003458261489868164
650,8264,16,24,0.005686283111572266
650,13145,19,28,0.021268129348754883
650,35387,19,27,0.037966251373291016
650,4887,16,23,0.006927967071533203
650,4245,17,21,0.004861116409301758
650,6513,18,25,0.01628899574279785
650,32117,23,24,0.02991795539855957
650,1484,16,15,0.0012269020080566406
650,4097,16,24,0.005459785461425781
650,9980,21,20,0.011081933975219727
650,24079,23,22,0.036839962005615234
650,5856,21,16,0.007292270660400391
650,4543,15,29,0.010080814361572266
650,8398,22,17,0.008939027786254883
650,24989,21,28,0.03025031089782715
650,4667,22,17,0.010350942611694336
650,9778,20,19,0.010658979415893555
650,3651,16,23,0.0032777786254882812
650,8721,17,26,0.010076284408569336
650,37004,22,26,0.03980731964111328
650,11427,20,22,0.01947927474975586
650,7777,23,18,0.013105392456054688
650,54919,20,32,0.05698585510253906
650,2317,22,17,0.00397491455078125
650,3229,19,16,0.0033292770385742188
650,26871,20,21,0.024990081787109375
650,33206,27,27,0.061103105545043945
650,3043,20,14,0.004655122756958008
650,9792,27,18,0.01812744140625
650,73043,28,31,0.14333224296569824
650,4031,20,23,0.007620811462402344
650,46716,21,32,0.07123017311096191
650,48075,29,23,0.06477952003479004
650,6705,22,20,0.010206460952758789
650,8657,21,21,0.014765262603759766
650,4962,21,15,0.007475376129150391
650,1295,18,15,0.002245664596557617
650,8586,15,33,0.012369155883789062
650,8047,25,19,0.010134696960449219
650,14429,32,18,0.028308629989624023
650,8441,15,25,0.009320974349975586
650,13817,29,24,0.02568507194519043
650,4499,19,17,0.007877349853515625
650,950,13,19,0.001253366470336914
650,1451,17,17,0.0016651153564453125
650,19043,26,27,0.027799606323242188
650,22615,21,27,0.031078815460205078
650,1821,16,19,0.0017440319061279297
650,30325,26,22,0.036717891693115234
650,10984,18,23,0.011110305786132812
650,34618,27,26,0.045458316802978516
650,13669,19,25,0.021888256072998047
650,4048,22,19,0.0066623687744140625
650,6647,22,18,0.008110284805297852
650,5365,21,21,0.0108795166015625
650,26479,22,31,0.037108659744262695
650,18584,21,23,0.028655290603637695
650,31461,26,24,0.04317831993103027
650,16347,27,26,0.03748011589050293
650,523,8,24,0.001224517822265625
650,14885,20,26,0.013977527618408203
650,16114,19,24,0.01979970932006836
650,10169,18,20,0.01478719711303711
650,13931,22,25,0.0163881778717041
650,3647,18,22,0.0051326751708984375
650,4683,18,22,0.008725404739379883
650,2417,20,23,0.0047702789306640625
650,6917,19,20,0.010249614715576172
650,7877,17,27,0.013890266418457031
650,5111,19,29,0.015340328216552734
650,3833,23,16,0.006164073944091797
650,7397,22,26,0.014266729354858398
650,5922,28,15,0.007218599319458008
650,18727,25,28,0.0371098518371582
650,4838,18,23,0.005562543869018555
650,1299,18,17,0.0023992061614990234
650,4229,23,19,0.0062024593353271484
650,3653,18,29,0.007871866226196289
650,13949,26,21,0.020728111267089844
650,59484,25,26,0.06025576591491699
650,7025,19,22,0.008041620254516602
650,10235,20,23,0.019270658493041992
650,40769,23,27,0.052056074142456055
650,3996,25,23,0.007893800735473633
650,20347,27,20,0.023417949676513672
650,48059,24,32,0.057912349700927734
650,18659,27,20,0.023519277572631836
700,83944,27,30,0.09553837776184082
700,223239,27,31,0.29111814498901367
700,35239,25,26,0.07802391052246094
700,13328,19,28,0.019860506057739258
700,72250,30,29,0.1291370391845703
700,4730,22,14,0.008038520812988281
700,3798,19,23,0.005527496337890625
700,11199,23,15,0.01592421531677246
700,11096,18,24,0.008811235427856445
700,54045,24,22,0.07561779022216797
700,11367,25,28,0.04528951644897461
700,35135,30,26,0.031731367111206055
700,8453,18,27,0.01479339599609375
700,17699,24,26,0.0579681396484375
700,96011,24,29,0.1398482322692871
700,39545,28,21,0.06981849670410156
700,52874,22,31,0.07424807548522949
700,10811,21,20,0.014626741409301758
700,129315,32,24,0.2078723907470703
700,26907,28,29,0.054790496826171875
700,4780,16,25,0.005215883255004883
700,47489,25,25,0.08681821823120117
700,15939,22,27,0.019345521926879883
700,188855,30,27,0.2011432647705078
700,43007,29,24,0.06474709510803223
700,78898,23,28,0.10434198379516602
700,81234,27,28,0.12230062484741211
700,89553,24,26,0.09665799140930176
700,12514,16,28,0.014824390411376953
700,68713,24,31,0.08358407020568848
700,29389,22,29,0.0440676212310791
700,108270,32,23,0.1206810474395752
700,100943,28,27,0.1227116584777832
700,41674,21,22,0.03292489051818848
700,30077,26,22,0.05549430847167969
700,16737,23,19,0.018553733825683594
700,19619,22,25,0.024415969848632812
700,20788,29,26,0.042029380798339844
700,91008,31,19,0.12454056739807129
700,83632,21,33,0.111846923828125
700,68449,29,32,0.13344955444335938
700,45787,22,26,0.06232309341430664
700,32627,25,25,0.057408809661865234
700,7640,16,20,0.006603717803955078
700,27001,18,32,0.01917409896850586
700,138357,27,31,0.1337568759918213
700,6797,15,23,0.00556182861328125
700,35771,24,24,0.046085357666015625
700,4963,23,15,0.005252361297607422
700,79091,23,25,0.08144783973693848
700,15781,27,20,0.03494882583618164
700,77319,21,28,0.08066701889038086
700,45147,20,30,0.05281972885131836
700,173140,33,29,0.3414449691772461
700,211925,27,32,0.1895899772644043
700,12305,20,26,0.01600027084350586
700,13247,19,26,0.02014756202697754
700,11360,28,23,0.024646282196044922
700,103913,33,25,0.2075793743133545
700,24173,24,22,0.03940987586975098
700,110811,24,35,0.17857146263122559
700,5158,18,22,0.012748956680297852
700,16319,19,25,0.023435354232788086
700,3769,16,22,0.005489349365234375
700,24241,27,23,0.04212474822998047
700,67131,25,33,0.07268142700195312
700,146791,25,31,0.13675260543823242
700,130095,31,26,0.19327569007873535
700,12791,27,22,0.03959798812866211
700,42133,22,28,0.046309471130371094
700,13923,23,25,0.028005123138427734
700,104699,33,26,0.19135165214538574
700,65971,23,24,0.07304024696350098
700,14191,20,18,0.015960693359375
700,7685,27,16,0.014592170715332031
700,408071,34,33,0.7394084930419922
700,42694,21,36,0.06545066833496094
700,286684,30,31,0.46375465393066406
700,25019,23,21,0.04052448272705078
700,10499,19,28,0.023630142211914062
700,49132,27,25,0.06910490989685059
700,12319,24,24,0.03648781776428223
700,134759,20,32,0.15192389488220215
700,37343,18,30,0.044313907623291016
700,11360,22,22,0.015400409698486328
700,101503,28,30,0.13119983673095703
700,5087,25,21,0.01197957992553711
700,8041,19,23,0.011836051940917969
700,163911,30,31,0.38533949851989746
700,10061,18,26,0.015692472457885742
700,43014,27,27,0.07052969932556152
700,30977,25,26,0.048227548599243164
700,54806,25,31,0.061858415603637695
700,58690,26,21,0.06176590919494629
700,28337,23,25,0.041486263275146484
700,25759,20,23,0.03025650978088379
700,15339,17,38,0.031966447830200195
700,38152,27,31,0.12044787406921387
700,29969,28,18,0.03992724418640137
700,23747,25,17,0.03484225273132324
750,20783,20,34,0.03397512435913086
750,247309,32,30,0.4962599277496338
750,55592,23,26,0.06415295600891113
750,198895,35,20,0.27519869804382324
750,69407,22,22,0.06409668922424316
750,300889,31,30,0.3177013397216797
750,132488,23,34,0.17875432968139648
750,335525,28,34,0.4844522476196289
750,157787,32,30,0.19614291191101074
750,152501,29,30,0.20891237258911133
750,164307,24,38,0.33309483528137207
750,223295,42,27,0.6515743732452393
750,106891,29,26,0.16686439514160156
750,426039,25,39,0.563474178314209
750,71604,22,30,0.08610415458679199
750,680861,29,35,0.8190412521362305
750,13729,26,18,0.021150588989257812
750,63799,26,20,0.09961557388305664
750,128534,24,29,0.1413266658782959
750,48744,26,27,0.07918143272399902
750,146559,28,31,0.25881123542785645
750,920039,35,28,1.8267195224761963
750,363329,31,33,0.6366024017333984
750,66089,22,32,0.08653950691223145
750,7163,21,17,0.01806044578552246
750,205677,31,30,0.2976412773132324
750,1284924,34,36,1.139793872833252
750,128903,32,26,0.1763458251953125
750,183985,28,31,0.3957486152648926
750,273347,29,35,0.265960693359375
750,313530,24,32,0.31653904914855957
750,68985,23,25,0.07011198997497559
750,29507,20,29,0.030380964279174805
750,123691,24,31,0.17580938339233398
750,89402,33,26,0.2311396598815918
750,154316,28,30,0.25121641159057617
750,22322,28,18,0.06015658378601074
750,640054,31,39,0.7802169322967529
750,74463,26,30,0.10839033126831055
750,39608,29,23,0.07282066345214844
750,152139,26,26,0.18088197708129883
750,17507,25,22,0.03708791732788086
750,78479,23,28,0.11340165138244629
750,97439,29,25,0.18933534622192383
750,769187,39,31,1.1262743473052979
750,73552,24,31,0.07659316062927246
750,5197,19,23,0.009598493576049805
750,42636,24,29,0.08111929893493652
750,179111,32,32,0.5479214191436768
750,293995,30,30,0.47946619987487793
750,111811,35,23,0.17203354835510254
750,805535,30,36,1.6062464714050293
750,353663,31,28,0.4950296878814697
750,105335,27,25,0.16093850135803223
750,385577,27,36,0.5357627868652344
750,86057,21,27,0.11185097694396973
750,80075,27,31,0.09230780601501465
750,15554,22,27,0.04338979721069336
750,142063,26,27,0.1661853790283203
750,566253,31,28,0.7678141593933105
750,303185,34,25,0.37993311882019043
750,60551,22,27,0.05487346649169922
750,717941,27,37,0.7012279033660889
750,175899,22,34,0.16565203666687012
750,71657,20,31,0.048989295959472656
750,242415,22,39,0.25948500633239746
750,519209,27,35,0.5678143501281738
750,360909,30,27,0.5116448402404785
750,655391,32,34,0.7877781391143799
750,113107,24,20,0.09980463981628418
750,42021,27,20,0.050049781799316406
750,209553,29,24,0.22799038887023926
750,173826,32,25,0.24703669548034668
750,77743,27,27,0.15133929252624512
750,47963,25,26,0.07145524024963379
750,281795,32,29,0.3123033046722412
750,190849,31,22,0.1627514362335205
750,356626,32,33,0.7386889457702637
750,265159,32,25,0.3158745765686035
750,118705,23,35,0.16096758842468262
750,546519,35,27,0.9061141014099121
750,49374,31,29,0.10845494270324707
750,177601,26,26,0.176605224609375
750,198407,22,29,0.1908094882965088
750,47142,23,20,0.04275941848754883
750,58627,24,24,0.08238530158996582
750,30059,25,26,0.056201934814453125
750,150821,33,21,0.2221848964691162
750,89441,21,30,0.08547568321228027
750,86695,23,26,0.14939212799072266
750,104615,20,32,0.10328817367553711
750,126907,25,27,0.18947386741638184
750,104158,26,26,0.11280226707458496
750,139655,20,38,0.15389633178710938
750,60119,26,31,0.1536579132080078
750,148933,25,27,0.1556386947631836
750,176094,28,27,0.14380884170532227
750,1019,21,16,0.003644227981567383
750,275078,36,29,0.37804269790649414
750,49335,25,21,0.06245136260986328
800,145287,30,31,0.22880291938781738
800,207968,24,33,0.19805026054382324
800,125515,23,33,0.16520190238952637
800,10881589,40,40,17.653930187225342
800,39619,21,28,0.05415773391723633
800,725728,31,36,0.789268970489502
800,2202615,31,38,2.811957836151123
800,176951,31,28,0.297482967376709
800,410199,25,30,0.4741854667663574
800,828769,30,33,1.0271148681640625
800,791951,26,34,0.9470510482788086
800,197581,27,34,0.3180704116821289
800,58739,25,31,0.09575295448303223
800,238411,26,26,0.2526092529296875
800,1105403,31,36,1.8486614227294922
800,1532450,31,38,2.0163748264312744
800,1057745,30,33,0.7386019229888916
800,586119,30,31,0.8888375759124756
800,229065,21,28,0.29326653480529785
800,996197,34,43,2.7035984992980957
800,163322,40,22,0.2857203483581543
800,134837,25,30,0.18453121185302734
800,735607,28,31,0.6177887916564941
800,493524,27,31,0.6235244274139404
800,313879,33,25,0.4913959503173828
800,388907,34,31,0.6362650394439697
800,1034195,34,36,1.212212324142456
800,483426,31,24,0.4685351848602295
800,379275,26,35,0.6689333915710449
800,375857,27,37,0.827085018157959
800,142595,34,19,0.22600936889648438
800,294599,31,22,0.316178560256958
800,630569,28,42,0.6872668266296387
800,175918,21,35,0.17113780975341797
800,131055,22,27,0.08738994598388672
800,1069991,31,37,1.4724829196929932
800,109710,23,29,0.19184255599975586
800,271325,29,30,0.26857924461364746
800,94159,32,28,0.3606855869293213
800,3851533,39,36,5.142241716384888
800,289751,29,33,0.46530818939208984
800,53007,30,26,0.10504651069641113
800,4932473,36,39,6.923323154449463
800,1930255,34,31,2.1424591541290283
800,397185,31,30,0.5995471477508545
800,746833,34,30,0.9259004592895508
800,320551,27,32,0.4409153461456299
800,154423,25,29,0.16692566871643066
800,2553947,38,35,2.0644636154174805
800,259935,24,34,0.3668029308319092
800,269573,24,36,0.4828829765319824
800,178079,30,33,0.3580496311187744
800,168287,36,26,0.2705395221710205
800,762478,28,32,0.5946438312530518
800,345135,28,40,0.7287604808807373
800,1233959,32,39,1.9472355842590332
800,398109,29,31,0.4853649139404297
800,53791,24,23,0.0992741584777832
800,329750,25,36,0.7002987861633301
800,318383,29,33,0.6082110404968262
800,2161348,28,44,2.9935526847839355
800,1246815,29,36,2.175604820251465
800,1675759,35,34,2.459141492843628
800,1350117,35,32,2.3273303508758545
800,97745,31,38,0.35604071617126465
800,1469489,29,38,2.1671736240386963
800,46187,19,27,0.07397890090942383
800,664497,32,38,1.5507910251617432
800,463611,28,30,0.8613817691802979
800,959029,32,37,1.380615472793579
800,499817,32,31,0.8666954040527344
800,437019,32,29,0.4112277030944824
800,522299,29,26,0.32479071617126465
800,106259,29,21,0.1807539463043213
800,163169,21,31,0.17728614807128906
800,939517,29,35,1.5991449356079102
800,42901,24,23,0.06899237632751465
800,62723,28,24,0.09757304191589355
800,2238422,45,30,3.362001657485962
800,43577,21,25,0.066009521484375
800,174215,36,22,0.41713476181030273
800,88671,23,24,0.07147908210754395
800,117615,25,24,0.12723350524902344
800,442043,32,31,0.6740748882293701
800,103271,24,25,0.11101031303405762
800,971315,38,29,2.2095096111297607
800,780623,30,34,1.3293113708496094
800,147251,25,29,0.14780974388122559
800,257518,22,33,0.25545787811279297
800,402755,33,30,0.6640253067016602
800,79756,23,27,0.10319781303405762
800,69781,23,29,0.10168099403381348
800,533020,25,38,0.8093588352203369
800,1497609,30,38,1.308143138885498
800,434755,30,32,0.5403945446014404
800,329423,32,31,0.5829734802246094
800,208697,28,28,0.2909667491912842
800,38345,28,28,0.10723662376403809
800,3749283,35,34,4.564100980758667
800,1566987,35,34,2.1125571727752686
850,116072,27,21,0.20350003242492676
850,241691,31,27,0.32862067222595215
850,2594939,32,38,4.874321937561035
850,6120551,45,32,10.746322631835938
850,415061,35,27,0.8603630065917969
850,1989819,37,36,7.45177435874939
850,185929,26,25,0.2721080780029297
850,2950849,38,41,7.039689779281616
850,745301,28,33,1.0893242359161377
850,544999,24,41,0.448347806930542
850,2711567,29,42,4.789207935333252
850,1204415,29,38,2.40270733833313
850,7911981,36,42,8.640812873840332
850,878759,32,30,1.233229398727417
850,563963,34,29,1.6219556331634521
850,752696,28,28,0.8259234428405762
850,2367697,32,33,4.144723892211914
850,721772,22,32,0.5458738803863525
850,10028125,39,37,13.446578979492188
850,576537,29,25,0.8451025485992432
850,2727349,38,34,5.2245049476623535
850,434255,35,29,1.2362418174743652
850,3538343,38,37,6.30298638343811
850,129860,24,24,0.16395998001098633
850,745664,27,31,1.1024155616760254
850,348863,32,26,0.5783627033233643
850,1544603,33,41,2.0653188228607178
850,169395,25,28,0.32598447799682617
850,2447438,32,32,2.405614137649536
850,3352,18,24,0.006941318511962891
850,6832385,29,46,8.429796934127808
850,1514309,28,41,2.0293753147125244
850,705479,32,27,0.8426501750946045
850,2973439,39,32,3.8857421875
850,1034671,28,37,1.8784871101379395
850,10326119,38,36,11.837664365768433
850,4240585,41,35,8.93527603149414
850,1563269,31,30,2.510085105895996
850,4660258,40,30,5.18852972984314
850,1562945,36,36,4.353676795959473
850,741501,31,35,1.031099557876587
850,295487,26,29,0.38610076904296875
850,465313,22,31,0.3393735885620117
850,5738951,35,36,7.821945905685425
850,4971455,34,35,6.052710294723511
850,501643,30,30,0.6973531246185303
850,884460,33,33,1.7913079261779785
850,4057319,41,29,5.435589075088501
850,677348,32,29,0.6486008167266846
850,6282479,30,41,6.026289224624634
850,1704365,31,31,2.4138543605804443
850,287241,23,41,0.6642196178436279
850,5122535,39,37,7.363454103469849
850,562859,36,31,0.6898884773254395
850,1792304,28,36,1.7135322093963623
850,661157,31,29,0.6433935165405273
850,654911,20,33,0.566683292388916
850,1830443,30,38,2.048002004623413
850,1922672,38,35,3.937544584274292
850,1699550,27,35,2.291425943374634
850,2679428,37,39,4.420586109161377
850,273671,25,29,0.6226835250854492
850,76439,20,28,0.07428574562072754
850,854429,38,27,1.889639139175415
850,353132,23,33,0.2357633113861084
850,7455972,36,45,13.92216968536377
850,6083279,35,30,4.390312910079956
850,465161,32,25,0.6979062557220459
850,785055,32,32,0.8157169818878174
850,12843863,31,45,11.48852825164795
850,271359,33,30,0.5349493026733398
850,1372623,36,27,1.6860606670379639
850,265907,31,25,0.46889209747314453
850,1963809,36,34,3.480336904525757
850,1177263,28,40,2.7621941566467285
850,24557902,40,45,29.7075252532959
850,18770519,41,45,31.156641006469727
850,6697787,33,40,8.391038179397583
850,306131,25,32,0.3177950382232666
850,2761275,40,33,4.602078199386597
850,4001675,34,43,4.471704006195068
850,94809,24,26,0.13982796669006348
850,31019,25,24,0.04848074913024902
850,2703833,32,40,6.058740854263306
850,161303,28,23,0.3306422233581543
850,928549,30,32,0.8633835315704346
850,242632,29,25,0.310455322265625
850,733559,29,33,1.0968537330627441
850,724575,30,37,1.3539667129516602
850,1003475,31,37,1.3471424579620361
850,1109289,32,28,0.9897162914276123
850,4832423,35,39,5.0036585330963135
850,2845791,43,30,7.616525173187256
850,1249124,30,34,1.378631353378296
850,5851408,35,39,10.041072607040405
850,1504655,34,30,1.9813828468322754
850,1061117,35,32,1.7739896774291992
850,80394,20,31,0.0717153549194336
850,1784927,30,33,1.6864423751831055
850,2206709,30,41,4.465393543243408
900,14035055,37,36,19.752701997756958
900,432149,28,37,0.4325580596923828
900,1266567,27,39,2.6596012115478516
900,15114231,41,36,13.146423578262329
900,309871,22,31,0.3052074909210205
900,1136521,31,34,3.1472506523132324
900,1940363,31,31,3.74245548248291
900,29492580,39,43,42.78022861480713
900,18253751,37,49,19.75279140472412
900,21433831,32,47,28.89359402656555
900,21681815,41,38,22.134884119033813
900,23599377,36,40,29.108120679855347
900,681185,26,36,1.2104074954986572
900,8709749,38,34,12.377718687057495
900,13660019,40,34,16.57156777381897
900,7696071,29,40,7.310500383377075
900,50259456,48,41,57.19888186454773
900,4421377,32,37,8.76278829574585
900,1503928,25,40,2.196013927459717
900,6609487,35,39,8.596007585525513
900,6554434,33,42,7.525963068008423
900,1519081,30,32,1.462214469909668
900,5281463,42,39,11.021571159362793
900,2287749,35,39,3.7692339420318604
900,2367451,32,38,3.8815035820007324
900,568203,28,32,0.5849087238311768
900,2778613,36,37,4.110506057739258
900,7569029,29,39,7.765893220901489
900,6170678,41,35,8.085847616195679
900,3167369,31,32,2.8404617309570312
900,1926673,31,30,2.117135524749756
900,4284095,30,38,4.019775390625
900,33359339,37,46,31.938764333724976
900,3292199,32,37,5.479383230209351
900,1572163,32,32,4.019028186798096
900,3132099,35,39,5.7662270069122314
900,2270227,36,30,3.7874207496643066
900,1968659,35,31,2.439723014831543
900,4560170,32,39,5.741399765014648
900,3067049,35,33,4.210646629333496
900,9486475,32,42,9.047029495239258
900,4754159,34,37,10.41688060760498
900,14837104,34,45,16.999274015426636
900,3444179,42,28,4.208424091339111
900,2404355,29,36,3.6370153427124023
900,2098463,31,35,2.6511223316192627
900,6564799,33,35,7.469545602798462
900,3289535,38,33,5.39528489112854
900,6488111,35,41,17.387355089187622
900,1806343,27,34,2.2164201736450195
900,2564261,28,37,2.7499566078186035
900,1717959,28,36,1.4896070957183838
900,9410715,38,41,27.538105010986328
900,5061239,34,40,6.6208109855651855
900,1175421,31,33,1.5139870643615723
900,6952511,30,46,8.882649421691895
900,3155851,37,32,3.5458922386169434
900,2870195,36,40,5.84386944770813
900,1239441,34,31,2.20627760887146
900,1646423,29,38,4.219111680984497
900,2885147,29,35,4.284613847732544
900,1963050,29,43,1.721156120300293
900,10759823,40,35,22.083346843719482
900,7889751,38,32,8.968978643417358
900,36310259,47,38,49.1748321056366
900,2625831,39,30,3.2697858810424805
900,3759673,32,39,6.094019174575806
900,1424771,35,32,2.5836832523345947
900,5615699,38,35,18.173378229141235
900,3852391,37,40,4.96050763130188
900,908786,35,36,1.762986421585083
900,22152731,38,39,21.03051471710205
900,4610279,29,40,3.2554283142089844
900,30746894,42,39,39.67658257484436
900,801619,30,31,1.3869848251342773
900,24831439,43,37,26.94385528564453
900,1016369,30,37,2.384937047958374
900,2180279,39,32,5.1373677253723145
900,55161539,42,42,120.50397634506226
900,13816295,39,43,17.784658193588257
900,9533543,34,39,11.126502513885498
900,26602784,43,37,56.807480812072754
900,1362303,29,38,2.183319568634033
900,939119,30,33,1.5629997253417969
900,105803,23,25,0.18604326248168945
900,3054571,29,29,3.419110059738159
900,409670,28,24,0.3957853317260742
900,1292339,32,35,2.939359188079834
900,2171279,34,38,3.3740367889404297
900,11617805,39,46,19.771252632141113
900,38282365,39,43,61.29889941215515
900,1379231,33,31,1.6462934017181396
900,237464,24,34,0.34133005142211914
900,505669,37,27,1.2152400016784668
900,38484069,42,49,67.81222677230835
900,345703,29,29,0.4132273197174072
900,6872315,32,42,4.979125261306763
900,3710927,26,50,3.662842273712158
900,3075719,27,38,2.915973424911499
900,99969,27,29,0.33256077766418457
950,12091070,40,31,16.01715064048767
950,2742615,26,43,5.385636329650879
950,32557319,37,41,39.51850414276123
950,41751359,41,36,75.63097262382507
950,8505433,34,42,12.87562084197998
950,5609699,37,32,8.199073553085327
950,2637152,35,40,3.545238494873047
950,42909263,40,46,73.15446472167969
950,74151509,37,46,108.38345742225647
950,320247,28,28,0.8340244293212891
950,4018815,28,46,5.400019407272339
950,64625519,37,40,78.2122368812561
950,37585097,38,47,114.80054664611816
950,4576669,37,32,5.786481618881226
950,12286583,35,38,24.833625078201294
950,8451809,34,41,19.36852717399597
950,69019241,50,40,151.4106261730194
950,8318683,31,40,9.405428409576416
950,4284245,34,37,5.98292875289917
950,11933876,39,39,15.576192140579224
950,100580759,47,38,139.84952211380005
950,41093793,36,53,46.166707038879395
950,83205429,39,51,196.25676107406616
950,23374607,36,36,38.614903926849365
950,23590883,37,48,39.47997570037842
950,34841746,48,37,68.1917610168457
950,46447613,34,54,56.70204281806946
950,11219075,37,37,19.78958010673523
950,17613779,40,44,26.256372690200806
950,4083773,36,33,6.0269553661346436
950,28743149,32,43,29.59920835494995
950,11975661,37,36,19.92689800262451
950,9954779,35,32,16.196719884872437
950,21699859,38,40,25.33208465576172
950,16539371,32,45,20.84184193611145
950,22461165,38,40,53.1465003490448
950,2001209,37,27,2.0972752571105957
950,33160397,40,32,31.063134908676147
950,103770179,44,43,124.1236629486084
950,1912646,32,27,2.4473400115966797
950,9717719,38,35,10.83120083808899
950,3047074,33,36,5.908661127090454
950,10257425,33,39,11.078346729278564
950,37660499,33,44,35.89784598350525
950,18000289,38,43,28.016902208328247
950,8845719,30,36,9.732017040252686
950,5958269,31,36,7.300281286239624
950,11157889,35,39,11.702413320541382
950,3539759,29,36,6.9149253368377686
950,23665697,46,35,60.658193826675415
950,62103888,47,36,105.31236267089844
950,2544479,33,29,3.205439805984497
950,40213631,41,41,46.0343599319458
950,1601622,29,36,1.8208324909210205
950,90832351,41,41,95.95925307273865
950,38832587,38,44,50.0270574092865
950,3763037,37,34,11.257638454437256
950,4119099,36,39,7.10456395149231
950,12799043,40,28,20.494656085968018
950,3493385,33,37,3.996882438659668
950,3535967,32,38,2.9417030811309814
950,54333359,41,45,88.04907655715942
950,17192351,42,34,22.65013575553894
950,63705071,39,42,107.52474403381348
950,1178727,36,26,2.938363552093506
950,1480031,37,29,2.924100399017334
950,1708495,32,36,3.2331743240356445
950,9412907,37,36,12.056585788726807
950,5950268,40,35,8.304177522659302
950,15802391,35,44,22.108713150024414
950,5590079,38,33,6.057218551635742
950,522030275,48,55,744.1070780754089
950,7983128,45,35,17.948343992233276
950,262793,28,26,0.2313096523284912
950,93767751,46,36,166.8215606212616
950,670879,27,30,0.7311811447143555
950,188817551,48,49,381.43006348609924
950,1034723,36,24,1.3764336109161377
950,17713354,36,38,23.792755603790283
950,217395229,46,59,363.68715023994446
950,811415,27,30,1.5794134140014648
950,32342075,41,38,46.132962465286255
950,107848975,49,39,146.2765154838562
950,6087239,32,34,11.728178024291992
950,25824359,39,43,46.3580276966095
950,23685149,35,43,47.467456102371216
950,1292949,30,34,2.4783413410186768
950,16839899,40,39,23.713119745254517
950,2834047,34,31,3.7228474617004395
950,8090479,36,35,13.29839015007019
950,290479,27,32,0.9735009670257568
950,3832159,42,30,9.048793315887451
950,6461363,43,30,10.998919248580933
950,16083479,31,46,21.273879766464233
950,71851251,38,48,81.60077404975891
950,15461963,40,34,18.098365306854248
950,17547347,41,35,20.033739805221558
950,19942954,40,38,27.24892497062683
950,50167423,35,47,61.77724242210388
950,13810751,43,31,17.503718852996826
1000,85257983,43,47,170.97805500030518
1000,92728379,34,46,142.88537669181824
1000,58016743,46,40,87.74144577980042
1000,17132795,43,35,42.89368295669556
1000,25512696,40,44,42.93592810630798
1000,120350001,38,51,154.7234914302826
1000,44418239,34,41,46.03462028503418
1000,84706463,46,37,89.54471921920776
1000,9279819,32,39,6.055809020996094
1000,65149523,48,35,121.43476629257202
1000,35060373,41,34,35.572409868240356
1000,27303769,35,43,70.49132871627808
1000,57034609,40,41,85.46089220046997
1000,145706853,48,38,131.41802763938904
1000,3479498,40,27,4.491236209869385
1000,306004079,40,49,359.0244200229645
1000,113364899,43,46,204.41955041885376
1000,35850446,44,38,65.63188028335571
1000,20464603,35,45,19.34098768234253
1000,288966563,53,42,417.44478273391724
1000,222362173,53,45,275.1473112106323
1000,95580725,42,42,116.76562809944153
1000,8056119,35,31,14.154327392578125
1000,34169241,39,40,50.16623044013977
1000,4385843,26,49,8.256900310516357
1000,420425583,46,47,533.7220995426178
1000,79480331,45,40,110.74104952812195
1000,826062652,51,47,1297.546134710312
1000,79292807,38,49,132.79117822647095
1000,106829749,49,40,127.95260787010193
1000,18800023,37,35,21.732231855392456
1000,152650679,41,47,239.19298243522644
1000,67033419,38,43,118.39993858337402
1000,88450879,42,44,142.1321017742157
1000,51898103,37,41,51.36600685119629
1000,23839007,38,37,40.874202728271484
1000,21001607,32,44,23.86107349395752
1000,151630943,39,48,199.10703587532043
1000,32761247,34,54,53.36621141433716
1000,59548975,43,36,95.55971169471741
1000,4486151,38,41,15.59735369682312
1000,16122619,37,35,21.265125036239624
1000,66890935,40,55,170.21372509002686
1000,19996235,38,45,35.64588212966919
1000,14734751,34,39,21.776764154434204
1000,5254895,38,31,13.278732776641846
1000,387567527,48,48,806.5020716190338
1000,45823135,35,43,72.7529878616333
1000,38966114,40,40,86.93778491020203
1000,42414700,38,46,42.392005443573
1000,50722348,35,43,52.93554377555847
1000,47710415,43,39,125.51834106445312
1000,4438970,34,31,6.282519817352295
1000,11374229,41,38,24.377986907958984
1000,47790071,38,43,53.04555606842041
1000,14851696,40,34,15.955319881439209
1000,27967951,42,39,34.017046213150024
1000,195839183,47,35,276.9373571872711
1000,79307183,41,45,85.54776573181152
1000,16161011,42,33,16.122539520263672
1000,42892031,48,38,87.89542722702026
1000,60248369,39,49,85.03428173065186
1000,67976099,50,43,201.20497703552246
1000,56637875,45,39,114.78777050971985
1000,67791391,42,42,89.97250604629517
1000,98575631,42,40,129.1403477191925
1000,321229075,50,45,496.69876050949097
1000,55900694,44,41,137.36303091049194
1000,21865793,39,42,34.925965547561646
1000,9811375,32,33,7.627321481704712
1000,44176523,34,42,34.29099917411804
1000,71657867,49,43,106.40973782539368
1000,56123939,45,40,89.22286081314087
1000,349326665,43,54,533.1593251228333
1000,13028504,35,38,28.818793535232544
1000,142294561,41,44,241.70658779144287
1000,82890859,35,51,118.85047483444214
1000,43551599,39,41,64.06537055969238
1000,92304781,50,38,101.77515459060669
1000,14034824,34,35,15.45514965057373
1000,33145119,40,44,90.55185985565186
1000,393594199,42,53,650.2653212547302
1000,67478059,42,40,108.62266755104065
1000,12607363,35,39,15.896018505096436
1000,110670495,34,48,94.52960729598999
1000,53423935,39,48,179.94260334968567
1000,24730967,35,47,46.58874821662903
1000,14720845,33,36,27.55249834060669
1000,58152719,37,45,47.857077836990356
1000,3292985,30,34,3.7430169582366943
1000,6824427,30,42,10.489873886108398
1000,197643679,46,45,312.8975787162781
1000,42619706,41,36,59.745741844177246
1000,100270071,49,39,116.53277444839478
1000,470849812,36,56,625.782071352005
1000,28088368,43,37,37.83317184448242
1000,263084719,51,41,260.71659207344055
1000,158191403,37,47,155.35034775733948
1000,18929351,26,44,20.60872173309326
1000,39941663,36,45,34.7996711730957
1050,121592767,38,44,164.90347003936768
1050,68665799,40,41,87.71277642250061
1050,259438261,40,53,453.7680027484894
1050,161053289,38,47,129.79676055908203
1050,176252029,42,46,203.93566584587097
1050,57344020,38,52,138.39027667045593
1050,428987519,44,47,415.9753863811493
1050,43564077,35,39,45.87146973609924
1050,300412574,47,46,762.5426120758057
1050,184442099,45,40,195.98913192749023
1050,10345859,33,37,20.055569171905518
1050,365276813,47,49,1137.1254601478577
1050,18250143,34,39,26.119618892669678
1050,58026779,34,43,58.081034660339355
1050,46763679,40,41,83.6708014011383
1050,207841778,46,44,281.8225886821747
1050,24246029,38,39,48.766606092453
1050,29078719,42,37,56.53486919403076
1050,30787235,34,46,45.047341108322144
1050,910694761,46,49,1143.434226989746
1050,64596905,35,48,108.91055464744568
1050,57262751,42,41,61.76948308944702
1050,147442175,39,48,184.16325092315674
1050,467496399,38,47,380.42117619514465
1050,75823311,37,39,68.77719044685364
1050,59770603,36,49,70.62430667877197
1050,3025787,34,32,5.082019567489624
1050,26654027,45,37,45.92926812171936
1050,68976531,37,46,60.496007680892944
1050,32855543,42,41,58.63169074058533
1050,177480007,42,42,233.45522046089172
1050,61487999,50,37,91.84997582435608
1050,149253385,38,46,241.9632067680359
1050,487522259,54,46,395.5854570865631
1050,34949324,35,36,30.450990915298462
1050,339739289,47,44,318.32136273384094
1050,34591033,44,33,56.06101131439209
1050,563359923,42,50,624.981251001358
1050,113535631,48,45,176.47761964797974
1050,27912173,32,54,32.41443657875061
1050,642162289,52,56,1603.6924767494202
1050,380935161,40,50,352.7943494319916
1050,7331831,40,32,9.64159107208252
1050,2425589099,47,58,3121.0526189804077
1050,30353633,35,44,42.11296248435974
1050,239710751,44,43,282.1678125858307
1050,168006137,37,50,232.1081416606903
1050,192768574,46,40,185.53895688056946
1050,56890641,35,41,53.42051911354065
1050,140908511,42,48,221.6367223262787
1050,35923410,31,48,50.58165884017944
1050,634005759,52,47,997.5279002189636
1050,296442929,37,54,406.6718213558197
1050,244943744,53,37,377.34064269065857
1050,755598671,53,46,1070.0703902244568
1050,1777856719,49,57,2920.4618628025055
1050,389998759,43,52,709.2211585044861
1050,103213610,41,46,121.84118223190308
1050,4138574559,53,56,7061.5764417648315
1050,6273935,41,28,7.560572862625122
1050,50353166,49,40,112.08281564712524
1050,111929927,40,46,162.0455241203308
1050,982713875,33,64,896.0538511276245
1050,323255859,42,48,377.97557187080383
1050,222411487,55,30,313.33676171302795
1050,24801551,31,38,26.256116151809692
1050,1154261639,42,55,1181.2732329368591
1050,44494271,37,44,58.759610176086426
1050,103162399,38,50,165.6198308467865
1050,1419208999,56,47,2658.0517797470093
1050,236394311,46,43,269.13477516174316
1050,678942359,43,51,1010.4571738243103
1050,67542853,33,50,92.69859981536865
1050,340698385,42,46,315.53991866111755
1050,259796411,40,52,306.1895589828491
1050,1721663350,57,52,4616.556557416916
1050,346025437,47,45,454.74902510643005
1050,97261499,44,43,217.57538533210754
1050,735670379,46,50,1306.0878188610077
1050,79508789,39,37,174.1754012107849
1050,376870631,44,45,389.9285523891449
1050,203860583,43,45,264.3766975402832
1050,82969223,40,49,138.89695620536804
1050,78861683,41,38,61.25525903701782
1050,257879944,42,43,273.7005879878998
1050,211687454,45,38,319.74935150146484
1050,18432827,42,35,32.44161319732666
1050,539362007,45,47,691.6970837116241
1050,1329395765,52,46,2433.2382497787476
1050,2169055460,45,54,3109.936950445175
1050,365959343,46,51,1106.0933620929718
1050,22307103,34,47,72.23904490470886
1050,281225157,35,55,584.2441260814667
1050,192659109,40,44,264.87399315834045
1050,288727343,45,42,236.69551753997803
1050,330634235,45,52,560.6083011627197
1050,774106321,46,47,1170.3779702186584
1050,40844519,44,36,58.01696538925171
1050,250715519,47,45,460.5987329483032
1050,156986759,36,50,239.0052101612091
1100,127602259,42,43,142.68687772750854
1100,324418899,42,53,390.9376263618469
1100,972888875,44,48,1633.3112514019012
1100,191784895,41,40,282.1519420146942
1100,411102195,43,47,539.7353830337524
1100,2691742249,47,56,3202.7885529994965
1100,92546495,37,42,98.62779259681702
1100,1057868455,49,54,2480.387561559677
1100,2437986998,50,53,2959.6949343681335
1100,142817171,48,39,363.23890137672424
1100,144053193,54,31,235.4196150302887
1100,1391229839,50,44,1806.3923108577728
1100,315671867,44,53,695.4809827804565
1100,2353185659,51,51,5590.162732839584
1100,1118438399,42,51,1168.9101023674011
1100,3604627239,50,55,5714.221023797989
1100,1850451447,47,49,2194.9448730945587
1100,338911019,45,47,338.8857989311218
1100,2333904159,50,47,2363.794831752777
1100,354223387,46,39,405.5816066265106
1100,2457730909,52,41,2335.9098134040833
1100,8688005207,60,49,17605.506528377533
1100,107274359,47,44,116.9489483833313
1100,44756369,36,37,76.49431848526001
1100,496767715,38,53,561.3866634368896
1100,2251553383,54,55,4866.677040100098
1100,471627856,43,47,750.5404033660889
1100,1143294191,51,42,1416.2980208396912
1100,5013415175,55,53,6606.293090105057
1100,1671945263,43,49,1567.635576248169
1100,344240959,41,47,481.810471534729
1100,48493247,36,49,86.61383581161499
1100,105230975,40,42,174.83470511436462
1100,2501912663,48,46,3506.2501969337463
1100,344576663,46,52,881.859584569931
1100,1779467419,53,47,3142.5887393951416
1100,247176767,37,45,199.99886846542358
1100,734795159,55,45,2369.7948768138885
1100,618293435,49,48,1273.741887807846
1100,997496083,48,53,1574.1792595386505
1100,20153447,35,41,17.750691175460815
1100,510177359,38,47,424.6653780937195
1100,86801549,35,47,99.19084405899048
1100,8881223,42,38,21.507212162017822
1100,192457991,34,52,206.64263033866882
1100,91169945,43,45,158.1002917289734
1100,177674199,49,38,396.3812098503113
1100,99389505,42,44,120.36473655700684
1100,1742795135,47,47,3004.106455564499
1100,82556249,38,47,96.01921701431274
1100,118698515,37,48,210.03696274757385
1100,793307545,45,50,1657.8826868534088
1100,173400773,40,48,185.54097390174866
1100,2943562715,48,56,4277.6749148368835
1100,3065675281,56,56,8145.952723503113
1100,2334870499,48,52,2840.7719571590424
1100,610959839,47,50,704.4200294017792
1100,898600823,43,57,1379.7874574661255
1100,84246615,39,46,136.58350658416748
1100,206855263,45,37,206.76599955558777
1100,295429887,45,49,431.7554271221161
1100,95915299,37,43,116.17722511291504
1100,3033899855,53,50,3002.3474400043488
1100,5902251363,52,55,6194.1338102817535
1100,243573443,47,42,371.2933213710785
1100,38027741,36,42,51.203548431396484
1100,762586604,48,43,1033.8328638076782
1100,2533110534,50,50,5803.607951402664
1100,565783550,50,49,983.0986404418945
1100,469720243,49,42,937.0639159679413
1100,1175370699,43,60,2369.254857778549
1100,142594557,43,46,156.25426054000854
1100,216996591,46,46,417.81944131851196
1100,2648664227,46,58,4881.4325749874115
1100,110732531,46,38,437.53092074394226
1100,1515394641,43,60,3056.1874117851257
1100,404152907,46,47,775.8095946311951
1100,194187669,48,40,312.85528683662415
1100,625695953,42,48,927.1098966598511
1100,268390478,36,52,222.70058012008667
1100,490157675,50,44,1314.0037865638733
1100,11410345485,53,58,18646.630029678345
1100,1834439759,49,49,1931.892420053482
1100,162878372,48,40,307.2900493144989
1100,1323816383,44,49,1644.9597358703613
1100,1375371071,43,56,1503.376919746399
1100,9558451691,63,48,12188.65060710907
1100,256185071,49,45,489.3749635219574
1100,5256552097,57,51,8796.022929906845
1100,1437137207,43,52,2793.1336953639984
1100,504769031,48,39,525.9259352684021
1100,769973103,49,49,1140.6660075187683
1100,5876353657,60,43,8364.339332342148
1100,51540821,30,44,50.15253782272339
1100,313816959,36,50,292.7939965724945
1100,228624127,37,48,498.09610056877136
1100,1709346473,43,53,1247.6109840869904
1100,175625009,42,49,352.30851101875305
1100,107192849,42,40,110.63634085655212
1100,97104639,40,39,87.84982943534851
1150,333479879,37,56,538.4621994495392
1150,205500959,45,38,240.633939743042
1150,517223423,45,40,607.8139836788177
1150,4557555029,44,51,5113.390554428101
1150,5015896689,45,61,6819.954189538956
1150,1951122917,57,52,9413.96109199524
1150,3003066239,48,52,4883.534620046616
1150,10614784101,45,55,12349.275526762009
1150,1949186107,49,51,2566.2999036312103
1150,2096788119,57,46,3487.813227415085
1150,1179931859,43,45,1701.2702858448029
1150,6470661719,52,52,5835.740871667862
1150,3323320839,52,58,8060.332379102707
1150,503495369,40,53,914.9629955291748
1150,3040344052,45,58,5263.382850646973
1150,221703199,43,42,272.6128280162811
1150,1166389355,46,55,2893.425496339798
1150,7283095199,47,54,8210.324194192886
1150,602532983,46,44,746.1577098369598
1150,2705863676,55,50,6032.78760266304
1150,2747645517,47,53,4724.582710504532
1150,220181985,35,51,297.28115725517273
1150,29385103246,60,61,56679.42542076111
1150,159503579,45,45,378.2518367767334
1150,27322652015,53,56,17895.621896982193
1150,1251979949,44,53,1271.5518572330475
1150,14327641383,47,61,29503.553027629852
1150,632023699,42,49,1160.7241110801697
1150,643454079,49,58,1525.0856239795685
1150,541767743,38,49,1283.6070349216461
1150,28550485475,60,59,59575.85922217369
1150,35285182591,55,62,53778.8998503685
1150,1159566731,45,52,1418.6868987083435
1150,121987939,37,45,182.2376549243927
1150,1699211215,43,51,2950.3902776241302
1150,311870692,43,44,556.9494762420654
1150,616217699,47,45,923.9951994419098
1150,303294722,36,48,254.05307340621948
1150,923302631,47,37,883.7012310028076
1150,834342783,37,63,1055.07257771492
1150,259603649,37,53,496.7271010875702
1150,121843071,47,34,245.10543084144592
1150,1263048242,45,46,2083.7619211673737
1150,14387667503,52,54,12635.730551958084
1150,2616755432,50,48,3678.188730239868
1150,175396199,42,52,662.3414037227631
1150,29554390943,61,58,41727.658991098404
1150,4687584139,49,51,8949.98875117302
1150,547935871,43,48,901.8715891838074
1150,20956717011,55,62,29695.741189956665
1150,31802926229,68,51,57464.066341876984
1150,2443343803,54,46,4798.220501899719
1150,537976571,42,48,851.8316733837128
1150,866357351,50,50,2048.855167388916
1150,679377569,44,54,1519.1659944057465
1150,2138527439,46,49,2276.114586830139
1150,2351742149,47,56,4537.530661821365
1150,1966879529,54,39,1921.5386323928833
1150,831876671,43,46,583.3042409420013
1150,1546066490,48,51,1302.1522607803345
1150,1582721647,50,47,2241.47433924675
1150,1174339401,57,44,1433.6763808727264
1150,14252986313,52,53,14179.219471693039
1150,1272065409,48,49,1458.4918270111084
1150,763384127,42,53,925.8818619251251
1150,58783698,42,37,102.2475655078888
1150,2824530167,44,55,5849.888147592545
1150,307753599,42,44,483.20078802108765
1150,4727390835,50,45,10452.064726829529
1150,484456415,44,51,694.2910208702087
1150,1212903599,49,43,1434.3169286251068
1150,48572944268,60,61,60731.327406167984
1150,873179849,43,54,1497.3117890357971
1150,1496145167,44,52,2678.385327100754
1150,1469037239,45,53,2913.022667646408
1150,1237635071,49,45,1339.9455032348633
1150,3940892415,45,61,5090.861571550369
1150,6851280450,51,55,9358.742860555649
1150,1483298327,40,59,1412.9561994075775
1150,9102029189,51,52,17053.597969055176
1150,30233091,37,45,39.33981943130493
1150,7613103907,58,51,17838.553382873535
1150,492080959,39,52,820.3867764472961
1150,723081023,33,51,672.4066891670227
1150,2594069395,48,45,2215.9759821891785
1150,8410134055,48,59,8044.763659954071
1150,348859435,45,55,339.1918876171112
1150,32183465,38,40,71.54765892028809
1150,11501465975,46,67,20910.70715546608
1150,1118590299,49,46,1422.5496723651886
1150,5718660847,58,50,9987.77804684639
1150,1152737887,47,47,2464.791143655777
1150,4868543475,49,51,4406.965327739716
1150,1099907654,46,51,1273.3325426578522
1150,18195320975,51,65,22619.209203243256
1150,3658380615,56,44,7849.318693399429
1150,1541216129,45,53,2016.7587983608246
1150,4491036299,51,66,10301.813146352768
1150,5161697021,43,56,5469.648660182953
1150,1035916433,43,50,1114.9257283210754
1200,30850828619,57,66,92554.83968877792
1200,1763703835,51,39,1632.1861445903778
1200,9296261819,60,50,18046.623313188553
1200,13578125444,44,59,10808.120524406433
1200,1304078799,42,56,2149.524850845337
1200,1843955999,40,57,1817.553017616272
1200,5215320095,50,53,6335.106200218201
1200,15133155695,48,53,23942.59078359604
1200,538434137,37,57,609.1323385238647
1200,25664075199,53,59,50517.26909542084
1200,1372189263,43,46,1516.8650591373444
1200,833798527,44,49,1259.8538386821747
1200,20715760925,54,54,31810.488441467285
1200,14509487903,52,52,14693.471460580826
1200,2844883325,57,43,6823.033951044083
1200,3176098913,47,50,4292.000371456146
1200,690539327,43,50,962.3872230052948
1200,3473447224,49,48,3788.162139892578
1200,23536967327,52,53,19195.413928747177
1200,2575101559,48,48,3333.9963450431824
1200,4363978511,48,48,4210.18883395195
1200,10462981884,44,60,11155.770070075989
1200,11719871645,54,58,12137.870180606842
1200,3307706723,39,56,7191.12652015686
1200,10263532739,52,58,13441.420683145523
1200,3231606859,47,54,6987.577347278595
1200,455719912,36,55,852.1492922306061
1200,124336700543,61,61,232094.9874894619
1200,243359337,50,39,454.0310311317444
1200,13496288551,51,54,14077.986182689667
1200,38046960179,59,65,71823.25050139427
1200,14386434839,54,55,23637.538295030594
1200,4406052005,52,46,4208.4637813568115
1200,3033021023,48,50,2860.8774127960205
1200,39593879,36,42,49.23938727378845
1200,1315059939,46,46,1109.9106225967407
1200,5779116883,53,52,15954.508949041367
1200,2949519095,55,44,3601.480499267578
1200,4290752079,46,51,10682.755584716797
1200,7529558794,48,54,11587.327334165573
1200,26895718601,63,47,34945.3394472599
1200,1621274831,42,50,1725.7888782024384
1200,8079987915,53,51,8935.443349599838
1200,14820663941,49,60,11352.649799823761
1200,122710853495,63,57,274737.59949350357
1200,1729544959,43,48,2005.6173758506775
1200,2356653599,45,49,2628.110962867737
1200,22411923123,56,61,48869.78443646431
1200,366816437,49,52,927.5438587665558
1200,1046792159,40,48,1095.4792563915253
1200,38578794319,59,51,42986.78177475929
1200,4808662508,46,54,10010.549929380417
1200,50615175639,58,55,81773.50109386444
1200,4513099799,44,58,5978.8529398441315
1200,69679814415,60,54,102890.93374919891
1200,1905044518,43,55,5753.4483234882355
1200,35267534647,54,57,34977.790523290634
1200,953848479,42,61,1263.8618834018707
1200,3254199704,41,62,3419.8621575832367
1200,6964608419,52,48,6631.977477550507
1200,10566434339,42,58,13300.412467956543
1200,21435987143,60,51,32493.711121320724
1200,2586734399,47,58,4167.167670726776
1200,9536447801,51,53,13222.23881983757
1200,20637893939,54,57,32296.450607776642
1200,7328652191,42,58,8641.958948850632
1200,100170830615,59,64,103111.92435455322
1200,588982391,55,37,1852.5637247562408
