% mm exon 4mer	mm exon P	mm exon log2(P/0.25)
AAAA	0.3739550309710774	0.5809366979644524
AAAC	0.16470760376530263	-0.6020209359294943
AAAG	0.1764717358435351	-0.5024909585502865
AAAT	0.28486562942008486	0.18835346831002348
AACA	0.34008310658313823	0.4439592479591767
AACC	0.1690396338248012	-0.5645665476776615
AACG	0.17285747431922208	-0.5323451081216383
AACT	0.3180197852728385	0.34718842919795057
AAGA	0.39075669865932533	0.6443425103650983
AAGC	0.19946071314087455	-0.32582348146411544
AAGG	0.15990043934908454	-0.6447541920548916
AAGT	0.24988214885071558	-0.0006802534244388017
AATA	0.2028802066515983	-0.30129997478299086
AATC	0.20454633516306103	-0.2895004060576032
AATG	0.2601614465611882	0.057479089397328154
AATT	0.3324120116241524	0.4110444195840191
ACAA	0.4072637069075181	0.7040351601672387
ACAC	0.16921087223847686	-0.5631058265440877
ACAG	0.17332400457957003	-0.5284566199065541
ACAT	0.250201416274435	0.001161861068492412
ACCA	0.3914763958687824	0.6469972277255974
ACCC	0.15369395750069248	-0.7018676484998481
ACCG	0.2214000237426299	-0.17527271805528385
ACCT	0.2334296228878952	-0.09894044009044
ACGA	0.3866467765996049	0.6290880907372629
ACGC	0.15756158529210176	-0.666012257199845
ACGG	0.2108615893238721	-0.2456317780339266
ACGT	0.24493004878442123	-0.02955831578772474
ACTA	0.19574044090173123	-0.3529862405021047
ACTC	0.2162909453232034	-0.2089548244591362
ACTG	0.24976958525345622	-0.0013302859779701296
ACTT	0.33819902852160916	0.4359444207178083
AGAA	0.4327273443501211	0.7915301936835509
AGAC	0.13881940477831833	-0.8487188467066742
AGAG	0.18356936046168087	-0.4456028160854453
AGAT	0.24488389040987965	-0.029830224987994956
AGCA	0.35311196395795097	0.4981976076896156
AGCC	0.19756382446187218	-0.3396092929414804
AGCG	0.1290171867178375	-0.9543648312465566
AGCT	0.3203070248623394	0.35752734425840144
AGGA	0.5439214232765011	1.1214701550491468
AGGC	0.16896775389177168	-0.5651801486121553
AGGG	0.12476834692364715	-1.0026761184465958
AGGT	0.16234247590808007	-0.6228875733470941
AGTA	0.19220449496552322	-0.37928601898048564
AGTC	0.18438590923516343	-0.4391996856130108
AGTG	0.2327688179798621	-0.10303028904187535
AGTT	0.3906407778194513	0.6439144608075223
ATAA	0.3174976938389086	0.34481801794467487
ATAC	0.18978492013400008	-0.3975627311489876
ATAG	0.11399718405593047	-1.132929907328226
ATAT	0.37872020197116085	0.5992042856860436
ATCA	0.3663876368319382	0.5514427279192808
ATCC	0.18361963317616267	-0.44520777049538257
ATCG	0.20054836632532247	-0.3179778809361638
ATCT	0.24944436366657666	-0.0032100236654817667
ATGA	0.3206586502004117	0.35911023146161125
ATGC	0.19131188386956993	-0.3860016014062349
ATGG	0.24415917379843283	-0.0341061094785937
ATGT	0.2438702921315856	-0.03581407273055324
ATTA	0.15505591798695248	-0.68913950484463
ATTC	0.24036968002485243	-0.05667316737605115
ATTG	0.23520503261882572	-0.08800916542504865
ATTT	0.36936936936936937	0.5631361382679777
CAAA	0.33797326604958394	0.43498103782404696
CAAC	0.19972500602435256	-0.3239131221013269
CAAG	0.18233234581201185	-0.45535757627974355
CAAT	0.27996938211405165	0.16334096554178565
CACA	0.33038050502821475	0.40220046436120604
CACC	0.22395258661454556	-0.1587347657135007
CACG	0.16049304876895432	-0.6394172817997871
CACT	0.28517385958828534	0.18991364856780443
CAGA	0.33567337890264176	0.42513003151947365
CAGC	0.2313566106287333	-0.11180977279402719
CAGG	0.14529835581008682	-0.7829097172989554
CAGT	0.2876716546585381	0.20249497916795584
CATA	0.16219563490208908	-0.624193101410162
CATC	0.2626302752722344	0.0711051407169348
CATG	0.20652427910454738	-0.27561669927300286
CATT	0.3686498107211291	0.5603229213479032
CCAA	0.36172970113726527	0.5329839657113246
CCAC	0.2057392224279291	-0.281111237300146
CCAG	0.20629463104998677	-0.2772218202376237
CCAT	0.22623644538481882	-0.1440967369982631
CCCA	0.3787158521898967	0.5991877155536228
CCCC	0.19110096976611524	-0.38759299541440323
CCCG	0.23103251568739305	-0.1138321829875509
CCCT	0.19915066235659504	-0.32806781690765413
CCGA	0.37636321085888136	0.5901975180212607
CCGC	0.18432014977767378	-0.4397143006669202
CCGG	0.2104844371635853	-0.24821452789945814
CCGT	0.22883220219985959	-0.12763800656033664
CCTA	0.2040443825351842	-0.29304510200852146
CCTC	0.2516451318507133	0.009462593856384533
CCTG	0.26869686344204813	0.10405138566351664
CCTT	0.2756136221720544	0.14071909995598936
CGAA	0.34080267558528426	0.44700856708034636
CGAC	0.18049052396878484	-0.4700049995040576
CGAG	0.20797101449275363	-0.2655456249898436
CGAT	0.27073578595317727	0.11495750121709858
CGCA	0.28306790164589857	0.17922006989240338
CGCC	0.2842007063370427	0.18498204529390228
CGCG	0.15845938562004397	-0.6578149811660945
CGCT	0.2742720063970147	0.13367928598221826
CGGA	0.45758109127483027	0.8720993416527533
CGGC	0.1916017098315313	-0.3838176593118894
CGGG	0.1489564998742771	-0.7470370164037261
CGGT	0.20186069901936132	-0.30856804032995666
CGTA	0.1592976710334789	-0.6502029203845424
CGTC	0.27269832605531297	0.1253777494834859
CGTG	0.25668668122270744	0.038080345426251244
CGTT	0.31131732168850074	0.3164577556713133
CTAA	0.21133743274404304	-0.24237977034411587
CTAC	0.32490392006149116	0.37808505542563503
CTAG	0.12609531129900076	-0.987413463086738
CTAT	0.33766333589546504	0.4336574424876039
CTCA	0.3275096825262206	0.38960946436141347
CTCC	0.23334181437819806	-0.09948323638373613
CTCG	0.18966443332485228	-0.3984789310386836
CTCT	0.2494840697707291	-0.002980396344865757
CTGA	0.3002465737714318	0.2642196879921985
CTGC	0.22443947474052411	-0.15560165332623827
CTGG	0.24353460634210677	-0.037801300605640215
CTGT	0.23177934514593726	-0.10917608757330688
CTTA	0.13284253962299541	-0.9122108858856346
CTTC	0.3341930038450717	0.41875343676527316
CTTG	0.22798461971302636	-0.1329915942350043
CTTT	0.3049798368189065	0.28678576981129456
GAAA	0.37351182459731724	0.5792258215351198
GAAC	0.14302645046598073	-0.8056461197204546
GAAG	0.2540268275602004	0.023052771969293194
GAAT	0.22943489737650163	-0.1238432508616333
GACA	0.35526643205005154	0.5069732847393662
GACC	0.15779744765561124	-0.6638542246714284
GACG	0.23369236785041414	-0.09731747691621141
GACT	0.25324375244392305	0.018598583105097183
GAGA	0.3666841567479495	0.5526098382608087
GAGC	0.2421087514843556	-0.04627286563359005
GAGG	0.18828532766286488	-0.4090075141214129
GAGT	0.20292176410483	-0.30100448715000977
GATA	0.19566361846081853	-0.35355256756645576
GATC	0.20001169887105893	-0.32184370783911764
GATG	0.28974203989315034	0.2128409316095235
GATT	0.3145826427749722	0.331510976777594
GCAA	0.38586466165413535	0.6261668298137683
GCAC	0.1740451127819549	-0.5224667913930169
GCAG	0.21666165413533833	-0.20648425425700073
GCAT	0.22342857142857142	-0.16211440941233893
GCCA	0.38983217678035337	0.6409250807920389
GCCC	0.1558147546631232	-0.6820962410035754
GCCG	0.24888035828534869	-0.006475718013472497
GCCT	0.20547271027117475	-0.2829812988919797
GCGA	0.37547275528785545	0.586780133126211
GCGC	0.15205210813839473	-0.7173622760212914
GCGG	0.2453424849418686	-0.027131013834372848
GCGT	0.2271326516318812	-0.13839297818062943
GCTA	0.15348837209302327	-0.7037987302310067
GCTC	0.304683020070086	0.28538100624215046
GCTG	0.27311245619624086	0.12756701959202493
GCTT	0.2687161516406499	0.10415494470545052
GGAA	0.37467018469656993	0.5836930813335904
GGAC	0.1289967382045582	-0.9545935085845896
GGAG	0.23601271476949287	-0.0830635105512131
GGAT	0.260320362329379	0.058360069265965236
GGCA	0.32972607372336826	0.39933988051664876
GGCC	0.161650321271559	-0.6290517201395757
GGCG	0.19327020629015895	-0.3713088399058459
GGCT	0.31535339871491375	0.33504138702227587
GGGA	0.45980683506686476	0.8790998171099613
GGGC	0.19034175334323922	-0.39333602915603294
GGGG	0.13952451708766717	-0.8414094418439049
GGGT	0.21032689450222883	-0.24929475559193234
GGTA	0.1703180576318367	-0.5536966929019417
GGTC	0.1995463683695036	-0.32520407202907575
GGTG	0.2984174441981545	0.2554037769074917
GGTT	0.3317181298005052	0.4080297687866772
GTAA	0.2418918319357558	-0.047566040843334365
GTAC	0.25032166467012734	0.0018550629370276172
GTAG	0.14543679843826257	-0.781535748549085
GTAT	0.3623497049558543	0.5354546247177557
GTCA	0.3590703478396506	0.5223384247512631
GTCC	0.16198720948369988	-0.6260481925363197
GTCG	0.2154110123225706	-0.21483608912291624
GTCT	0.26353143035407894	0.07604694178283446
GTGA	0.2958764901309361	0.24306697197569016
GTGC	0.20125724708488046	-0.3128873606281956
GTGG	0.2574750830564784	0.04250472851453563
GTGT	0.24539117972770502	-0.02684470078380511
GTTA	0.1527240319894932	-0.7110009986720756
GTTC	0.25289054621356033	0.0165850109720632
GTTG	0.2529843570440207	0.017120085634066674
GTTT	0.3414010647529257	0.44953946292577046
TAAA	0.37517413082782536	0.5856322590504768
TAAC	0.16612821956785914	-0.5896309356593499
TAAG	0.12232134918047363	-1.0312518703451043
TAAT	0.33637630042384187	0.42814796841839337
TACA	0.34982426778242676	0.4847022795493097
TACC	0.1874142259414226	-0.41569762792984305
TACG	0.16880334728033472	-0.5665845826855122
TACT	0.2939581589958159	0.23368272648370586
TAGA	0.38372171110066483	0.6181323005227889
TAGC	0.19877778523940634	-0.33077155989727103
TAGG	0.1093277818816735	-1.193268036147336
TAGT	0.30817272177825533	0.3018110709986894
TATA	0.16844040445306915	-0.5696898501158738
TATC	0.21458482279644572	-0.22038005444353032
TATG	0.22539066489633336	-0.14950033087084483
TATT	0.39158410785415176	0.6473941205515743
TCAA	0.41308132305396666	0.7244977371620156
TCAC	0.16825002072452955	-0.5713214123449398
TCAG	0.16921163889579707	-0.5630992900243378
TCAT	0.24945701732570671	-0.003136841381465479
TCCA	0.40627092491775596	0.7005140258275983
TCCC	0.16527409822702263	-0.5970674518509542
TCCG	0.20769163585548342	-0.2674849776590194
TCCT	0.220763340999738	-0.17942747054661748
TCGA	0.3987606506584043	0.6735949580261488
TCGC	0.15352439969016266	-0.703460133008065
TCGG	0.2080247869868319	-0.26517265338436524
TCGT	0.23969016266460108	-0.0607573956050742
TCTA	0.194809673664698	-0.35986277577526404
TCTC	0.2536965986981075	0.021176082479539143
TCTG	0.23160322455489935	-0.11027275513112152
TCTT	0.3198905030822951	0.35565006743351196
TGAA	0.3937841591659301	0.6554769819376401
TGAC	0.14976821371236854	-0.7391966312078749
TGAG	0.1562798751781237	-0.6777960865437316
TGAT	0.30016775194357764	0.26384089669444966
TGCA	0.3435438916025057	0.45856633647635464
TGCC	0.19800204211165384	-0.3364127851422591
TGCG	0.1277423627783757	-0.9686910543007805
TGCT	0.33071170350746476	0.40364600686607943
TGGA	0.48145347904781544	0.945468307979991
TGGC	0.17593419937223634	-0.5068921432375046
TGGG	0.13693953765436342	-0.868389048272696
TGGT	0.2056727839255848	-0.2815771959849155
TGTA	0.19780562865171045	-0.3378446156438615
TGTC	0.2056554123366487	-0.28169905442036014
TGTG	0.2495874403461041	-0.002382757667534292
TGTT	0.34695151866553675	0.472805986742163
TTAA	0.26200657037075664	0.06767489596869483
TTAC	0.20701882463367577	-0.2721661340669245
TTAG	0.10173645512853939	-1.2970913634882184
TTAT	0.4292381498670282	0.7798502108856274
TTCA	0.3406009783368274	0.44615448410931063
TTCC	0.20329218106995886	-0.2983733669084655
TTCG	0.1643761161580868	-0.6049274041613907
TTCT	0.29173072443512693	0.2227092408034836
TTGA	0.30882377662346394	0.30485573639816305
TTGC	0.19496696757274698	-0.3586983799166392
TTGG	0.23216837292181486	-0.10675664006786825
TTGT	0.2640408828819742	0.07883323228966393
TTTA	0.15690776039999557	-0.6720113874907261
TTTC	0.22871712232756813	-0.1283637213878401
TTTG	0.23359565567708965	-0.09791465111206495
TTTT	0.38077946159534665	0.6070275700672313
