seq	don	acc	emm	imm	elen	ilen	cost	fit
ch.17439	1.4116929674229763	1.2748969599915996	0.6082412300637118	0.7830377880910441	1.4344606002519746	1.8600715913260044	22	0.0001432763968838472
ch.1828	1.6901128277103181	0.7734375011902492	0.192455820581111	1.1643172579167107	0.8976614908682972	2.354616544750858	42	0.0003004043905246262
ch.11658	0.763346353513241	0.5341150178473297	0.38587740894908007	0.8499246136209646	0.11602364219902006	0.2723485309482844	33	0.6698704394294701
ch.11741	1.873270506762318	1.5830557532782423	1.2958612155620068	0.6095256583019065	2.5429112441543236	1.3008387308463425	49	1.4337151409030546e-06
ch.16148	1.4407584941835414	0.9022784089381428	0.9036451406720624	1.028870119479568	-0.09209864483330121	0.634430786735528	59	0.00014866037625885074
ch.16150	1.0872241037324994	1.7791595204992257	0.33930096814946187	0.20458608657009592	0.9957804845510125	1.1978863079795032	58	2.195242087166373e-05
ch.4463	0.7737601471107	1.291526271843809	0.9487028313478554	0.999914339483615	-0.23421062960208539	1.815500203279435	76	0.0012845853256019965
ch.13115	1.773744160022479	1.4210659616550496	1.2586567036275316	0.5638981898504091	0.21699017929351505	1.3700452207214044	5	0.00023155613995741724
ch.13114	4.516144630620688	1.6635433394972332	3.407562681014759	1.1699832801448082	-1.1583097558973252	1.6528575605105704	89	1.019801161325332e-10
ch.13118	4.620721829677411	1.997413613163556	1.3807648770732874	1.2574610437666114	0.1223167973450271	2.7513665228363338	29	1.3040088750335766e-10
ch.14203	4.497512362252366	2.09196115555205	1.9171793854672774	1.7570226667911806	0.6047895853124134	2.382426994842376	96	3.9325367623241716e-15
ch.12547	2.394346327169866	1.427820469130221	0.8634413153215376	1.5053704552648668	0.7612357219421587	0.9170879431059213	9	9.523615540685067e-05
ch.14947	0.6679149214624208	1.0874858544435653	0.4177306487710085	1.3172240144098901	0.033775217687259884	1.287301995749378	11	0.01656229962209235
ch.636	2.793227120765862	1.2322733881760906	-0.35072727878530696	1.24492062699611	1.9856192971362168	0.340750514833552	30	4.588366116181121e-05
ch.7784	4.185602707033881	1.930910253833533	2.6753171509466926	1.172385085458888	1.548620761780065	3.63606522727894	63	2.7648413707733526e-11
ch.2394	0.8471184660501632	2.3221905512591006	1.2831020435292233	0.19258384553274244	-1.2694666474697875	5.680621825823375	24	0.010941634265684128
ch.12477	4.594665378501123	3.1752115911635994	0.05348511519367605	-0.1474201653965883	1.5258007483482183	1.8433914159861131	68	0.000893440546197795
ch.11820	2.000219551817318	1.1718017837276273	0.67857257586466	1.9256545954670246	1.0044943430908309	3.2212852193218042	22	1.0799226287690547e-05
ch.217	-1.4417088348998233	1.3768847934775827	-0.7002008581921605	0.3309416920096291	2.4956784612074943	3.60772165632295	42	0.010917697140781477
ch.5281	0.8325334827836223	2.29524557862404	2.102191030706832	2.6748610198057325	1.105506305012692	1.5486192609187532	33	0.0001773390645409195
ch.2849	1.0861453250386297	1.4009128075281734	0.7366801493362077	0.3568301545856837	0.8365665263319397	1.383892816225757	100	2.07737807638662e-05
ch.178	4.127210054906129	1.9692415245118264	2.210353639830876	2.1563733034758243	0.9418056455897564	-0.3674637396732562	80	0.0019334401512204915
ch.9795	2.2327410695379895	2.7711823516356326	1.743118858707048	1.0712785496915649	0.18267869179675067	0.9906297744037738	42	1.1466162267735864e-05
ch.15918	2.0882459766091426	0.7467429004108407	0.4718351178781437	1.5179509928161192	0.29351633585931036	-1.327957442332731	76	3.427657753771595e-06
ch.8057	1.5365536811715423	1.4499129060289786	1.6485566394725348	0.7546007975221657	0.5038273075320815	1.8621354010296138	86	0.000411409146366966
ch.9346	2.222694746070969	1.725219804758781	3.074261006021074	2.78030380934588	1.8561269395402131	1.9023133567216264	69	0.0001231004286964585
ch.5273	1.3782474520360557	1.1408030167538334	0.7988834250089349	0.9677179556360556	0.28914074914862253	1.573202939289315	26	0.0003280525977639301
ch.16829	1.2143665427965886	1.445611463984782	1.1081738016658873	0.9383929582094149	0.9439784135092154	1.3132503917151632	38	0.0015148060234620132
ch.11746	3.091143025237454	0.6301396248546438	-0.843804196674019	1.3829723631334392	1.755189006309259	1.1263575316046803	65	0.000497651841688689
ch.7819	4.127596878211468	1.9400104340348951	2.066410801661309	-1.424294956630432	2.0540555371318083	3.1998667647754635	75	0.00012656994729534583
ch.10697	1.8060795752994665	1.270713390561093	0.3965665066136038	-0.12764410632591716	2.190669648966055	1.139974779609692	83	6.612808187203092e-06
ch.13057	2.4793828615609375	0.9102612348214124	0.9445609476948977	0.3438528556974598	-0.8087879930418439	1.1546536714642148	99	0.0002135191828943175
ch.4244	1.61607296621218	2.480088018913099	-0.6911142852494286	0.39595514116475883	-0.6874544475391909	-0.1954749948178578	63	1.3637630510546521
ch.2850	1.119480132267396	1.6123512408290837	0.7579173921680938	0.12628753600816545	0.7515316884463102	1.2398100144783888	71	8.060142403288829e-05
ch.10699	2.041853514099002	0.3946332170314497	0.8068046935742023	0.5195091901684945	-0.46496300638114296	1.7727796563902327	89	0.2736143192261394
ch.8269	2.1273789984424467	0.7487568814789662	0.8263927898956691	0.9512804331289829	0.8647116212091861	1.3868652783735145	30	0.0007371490351518914
ch.13952	3.5905037121550367	1.9085699101915075	0.7230222991968459	1.7035588249103197	-0.18460643417023248	2.7591022417683377	84	0.00010869341983513259
ch.16827	3.0732271940227505	1.9132117734534198	0.16399783380356814	2.1513991449885546	0.4826135762685376	0.8603787751437747	42	7.444226889183528e-07
ch.13112	2.9010875692447478	0.839106765927559	1.5429530975079864	0.7860967577702088	0.9738882188359796	1.2568166107696213	38	6.203003632083702e-05
ch.5338	1.541019200179456	1.1723843679613593	1.5640464276223063	0.7653707340170133	0.33005814718399407	1.161802046606394	13	0.0012844243975515242
ch.8516	3.429596817255302	1.7300610281320101	0.9847343087141193	3.045823930200492	0.23454706208322618	4.008758270729219	53	7.817830653506495e-10
ch.13584	3.8626873261329044	2.750455809686783	-0.7075473870272748	0.6903532044605162	-0.06669309184706429	0.15618317968371742	81	4.553558034008796e-10
ch.8237	4.203632873967615	1.6827172546257394	1.52371851147265	0.4162182089759584	0.35634288158655125	0.4683276922867111	84	5.2360216472781874e-06
ch.453	1.5654821894464248	1.686135568654601	-0.44369289800369727	0.9582964374739477	1.039977412267008	1.6987263538030968	86	7.988095733695639e-05
ch.6964	1.8910261349577184	0.5479018564600152	1.9329680370597893	1.009259232404478	0.795207195275062	1.4040837462177098	8	0.02853137716192087
ch.8517	3.193939910775267	0.7651391689095145	1.6061361238657716	1.2129034492371715	0.909780334161203	1.47879705276667	81	1.5130912978722172e-05
ch.8906	1.2656751810572038	1.4587620043658605	-2.4498153380159646	2.580215529505263	1.332317824365057	4.324680566229352	76	0.0027388382338232775
ch.11745	1.9572680093753503	0.5801088242255383	1.1585842845535392	1.0862181753600169	0.6579053173890805	1.851494709386318	66	0.004168547155914594
ch.13725	1.1939653067587381	0.6419155726772079	-1.4908220453776433	1.5075168402690116	0.6310023527634838	2.5381036381998783	76	0.0072504935562093566
ch.11744	1.2953634496539448	0.7203857956809093	-0.07575529246850365	0.8933417651038162	2.0106912884230272	0.22463553023480742	14	0.004338582918530302
ch.7069	2.4758649595858158	1.6253960431617187	1.194804691202013	0.8632709807805264	0.41691751390995346	1.1057859273605701	62	1.6184843031335637e-05
ch.1033	1.9539588983602028	1.9435480572683084	0.9283515010026876	0.3287130047282407	1.4488026703118966	1.2048927185931158	74	1.4676961870598512e-05
ch.11157	2.9849045607670055	0.2614279324116703	0.9998306771521358	2.8192559309519103	1.762776728535974	0.3174428459933526	87	4.3305450937681665e-05
ch.5788	1.6711272520829819	1.2138513712945214	1.8806040846651235	1.9196400801304605	0.2128651899960845	1.7175969192331921	27	0.0004772436567562428
ch.8667	0.6751737839419102	1.1170584061029605	0.9890095128822871	1.6880724911038978	0.7500385980087665	2.4686921508914557	84	0.0018139573598211745
ch.7541	1.342040280833138	0.8345515911371689	0.45986389509573744	1.43235688589959	0.6876022626424477	2.227163372092623	30	0.002749625148756047
ch.11940	1.8702673360844067	1.185961277098615	1.4144583430598499	0.510244818751065	0.7599318551016636	0.2864618233908418	46	8.560285151898916e-05
ch.5013	2.9781944186801015	1.8705423083787327	1.289337148712816	0.9965841863354655	-0.30915379680985466	1.998996796638576	55	0.00043063644561119164
ch.5109	2.3702077004091846	0.984192443241491	1.5111717758559036	1.525146847015531	-0.08972691602561966	1.7897865909140784	34	1.9914630586669415e-05
ch.6453	1.0195899183306394	0.8833698497093209	4.320870725584831	4.261709877552631	0.7381491844212058	3.411501455176744	61	0.00012771063489958154
ch.5482	0.332520735568829	0.7384349330105515	1.4182209642689265	0.9718255814227421	0.03458705972155629	1.037622959168913	9	0.007013001383511154
ch.7308	2.0310913909507304	2.010190708154908	1.4942526506835634	-0.5916185999193451	1.9761423038379642	1.61634687342266	20	0.04774266350858297
ch.5920	4.459351943282046	1.8088827973903325	0.05432105933889708	0.637522119729974	1.0932728727832028	1.8212580117101225	62	0.03570050426761621
ch.13855	3.039696180593145	0.09077759431909294	1.9666786664151603	1.281224385066905	2.4795755101172694	2.3460811119612313	99	0.005191465375766782
ch.10007	-1.165491618895535	1.3899067144884985	3.3436065646395585	-1.3053918477130964	0.9210089080416447	4.14528552254534	84	0.27127330928199245
ch.6013	2.664686541004323	0.9743944448074493	0.7962626598716084	2.2897106121071418	-0.38878380685996794	1.481139633531808	94	4.079002677622043e-05
ch.15609	1.2300395804830888	1.9794537202181863	0.07616372467051125	3.040352006762983	2.115246263497333	0.12276159726328717	76	3.7023708688082876e-05
ch.16414	1.8902186996075558	0.9365821598036995	2.3712075788192806	2.812446859878675	0.8673702566444731	2.8756378971528305	63	5.911582515632783e-05
ch.5469	5.618073978426972	1.2590673097061829	0.9800302278300664	3.9997232155467266	0.5738893087730343	0.3963500636616466	74	3.46925893780123e-12
ch.5912	2.887815714016052	2.5899359580424424	-0.08637339827467294	0.8929833649379177	-0.15010149702760434	1.7917752436769017	47	0.00010439974964679204
ch.13261	2.597000696994405	1.2519010326282345	-0.3898245372977608	0.250926282012498	0.9984724267616215	2.7847345883205543	91	4.6358319285034e-06
ch.5808	1.5218954570990038	1.3344483013255837	1.7835450260421644	2.9071448346934363	-0.7523511314934822	5.075157217449585	78	0.008825342570042095
ch.4944	1.5271285441955547	1.635800871461206	-1.1149374191871266	1.1616553854683378	1.150850060587389	1.699675725218122	18	1.1854262993295165e-05
ch.13329	2.115235779238799	0.36042744991699704	0.8112350203296743	0.03839727112862801	0.6622575864842498	1.5187281734567297	60	0.00517464008840129
ch.307	0.8776162916512867	0.7082170743191879	0.43036072468438746	0.8743446577918309	2.21711749465712	1.4241961829684953	63	0.0006785249836966047
ch.6560	1.279776312793278	2.6379531218216514	0.5643960743891083	1.0540954344615252	0.5137921835920679	2.703971308667036	36	0.05070799911984355
ch.12881	3.726020037125999	2.5228505450776075	0.8874828573176844	0.3030617704069286	1.0575885362741837	-0.7521363072103625	78	0.0002147448252666927
ch.925	1.8345392298894048	0.8876322317085835	3.13063219075003	-0.42414037846367536	0.9060112836068004	1.8603067926111694	8	0.0711936681670612
ch.12838	2.0066656590581804	1.1404124706091563	0.9566674559777236	0.7815590755490077	1.3501280210725617	1.1514210690120956	64	2.538564747546093e-05
ch.12839	1.4481916888256592	1.1416127840618766	1.064970266779281	0.5826496877791562	1.1960480250510965	0.22894037344716478	80	1.8637110199737818e-05
ch.15949	1.457469201526738	1.165112225952535	1.0463790735939007	1.0645381329447219	0.602060283474397	0.7704561094928323	68	0.0032031460813378774
ch.1029	1.2834002505804567	1.6264416207410322	0.037519820555112604	1.5594423518031297	0.18419371161594056	1.6008305946733374	57	0.00016826571025080044
ch.13336	1.7196976843799034	0.19980057942562723	2.0183770715755722	1.1127348857837704	1.2831632594985694	2.245753878570248	58	0.000279167447827198
ch.5873	3.183004173112609	1.1866601449869356	0.8486752899695417	1.7179851549082152	0.20666842382652295	1.6505123101853887	72	0.005330015383911205
ch.6848	4.653798112337617	2.400867804799487	1.7245579275009377	2.1677708253698227	0.4085150479469669	0.3595353482733683	26	0.05107777379225912
ch.16418	1.5408308784042561	1.1980284090823314	1.5652975746995963	0.6095367223240375	2.5647957179276464	2.134789412467976	91	3.195007621512436e-05
ch.12027	2.6152286153836357	1.1343476346622363	0.7904003100396174	1.141031487853048	0.34290376386692767	2.04638244889221	80	9.888312886866079e-06
ch.17523	1.5916622702380718	1.1382754518312947	0.8481903166131156	1.8324251577704662	0.8189871295141947	1.041222069054149	45	0.006383005563051083
ch.1737	2.809930314576647	1.467774219008007	0.7944981838111088	1.2546692229968013	0.985193639986261	-0.7532879696862894	71	3.51855678854476e-05
ch.1014	2.848075165212296	1.549016305265479	1.4399529247013376	2.365636619738284	1.599757151738669	1.639588291686866	74	1.6166188901011595e-06
ch.16489	0.5006655343225244	0.5177418085043348	0.042558612439423715	0.38253799512889386	0.7571982382024779	2.923662478592341	33	0.0181508630950493
ch.17149	3.8575871118255045	1.8918117728033101	1.148277589550709	1.6209401678828947	1.046930111961531	2.40113548426964	38	5.589838095796414e-05
ch.5369	0.7855823942623218	1.4622195212783282	3.2076643377115963	3.531026618012496	3.38336522744854	2.389020910506151	77	0.0005905972728380087
ch.16587	4.40906109674031	2.350314595628074	1.9255939466091059	3.98564195880416	-0.13480827583709376	1.9237569330479265	92	1.3961959240267121e-09
ch.5319	1.1846312228287135	1.7451101890135772	0.19530083582548918	1.3247768862857239	1.9871268329286949	1.3824562820931172	82	4.4086742303114814e-05
ch.16589	4.501334049470914	0.7255380457966629	2.2824514259535253	3.6994292101163597	-1.1337058931255877	2.0050343822880285	74	1.2530178670432264e-10
ch.11134	2.096930421853901	0.9145139867701728	-0.36827071557431423	0.302703372990045	1.3628220308209902	2.2288750546729315	62	0.007381480713884497
ch.242	-0.7448481348013285	1.699195254039576	0.0661536761429099	-0.3334021236752017	-0.717757155591879	3.7538145083357977	46	0.009596572146921561
ch.12343	1.566965067325178	1.4490305721131653	1.9308429588624607	0.8756360305512454	1.7242070220905295	-3.7759739322878834	61	0.5133517038646481
ch.218	2.1211708196635453	2.3938717722244958	2.3185425193330476	2.4702287637432483	0.37374232192944923	0.0791985254722154	73	8.02771326532753e-06
ch.1506	1.8782113700160048	0.9367613408398426	1.0622685677652242	1.0126011911765485	0.6820123484049115	0.7206693666992126	22	0.10260441979473174
ch.9640	0.5785891441121908	1.389187287970358	1.6956297231088486	1.274856289346393	-2.793809708629115	4.733474217823537	93	0.03225490567916479
ch.13710	3.2677194458016023	0.7466488950708211	1.3804373169267048	1.7139175528519017	-0.03747130576570812	0.9468095015206257	59	3.9305713704222495e-05
ch.6676	1.6947986666013692	1.5188394140546042	1.9404086119364503	1.7751923746257072	1.4830639378302743	0.7709146125354616	21	0.0273485669119934
ch.11939	1.4263472872815548	1.1908630605966521	0.06812222810101709	1.430245372802914	-0.2606779081103203	0.21929516553756423	41	0.0004124225732021693
ch.8690	1.6224105900732313	0.9647829900984772	0.9722218778745478	1.3333306584854068	0.785691057155816	0.7399510731290824	26	0.03586794707911535
ch.17157	3.8813124270533126	2.133788638794113	1.9495210673299994	-0.11543175254085558	-0.574015538749205	2.405271919761949	39	0.00010852835789468177
ch.17433	3.159003902811339	1.3744914698855362	1.4313401340775713	0.5454164155533096	1.2747573790585447	1.1061403750893892	79	6.848451523231273e-07
ch.8331	3.0935701739676937	1.5870075373363313	0.8201862209844908	0.4356475513523641	0.25575143828036306	2.693527630448493	21	0.03551801193617939
ch.16221	3.6232882051526527	1.2179024628198383	2.2481864473663715	3.520814763724787	0.8044614302723523	0.5657699399737015	54	0.0001291937088954585
ch.8609	3.9891725380374266	2.4946603945857118	0.4399414433157527	2.387410424672595	1.3197276308444796	-0.6589948388511576	44	1.7749927161067378e-08
ch.12337	2.9864657509533226	1.1773244685019177	0.1546231763209882	0.10763821360142922	0.023938794755295256	1.6036775331107802	45	1.297098175001025e-05
ch.12834	1.1489696136921301	1.3488286019248736	0.05839149723310266	0.9053239561477803	1.052190521588025	1.2634846829908004	80	0.000365518152526916
ch.17457	4.12215107635407	0.392966663058566	-0.8397689509499606	3.635742191703937	-0.6107536749976744	3.400957646801244	93	7.875693091706036e-05
ch.521	2.264855275174738	1.1185218280738867	0.6204038968062882	1.352522174574264	-0.6612008373997723	0.17619473940395192	96	0.002593940953474893
ch.635	1.9633859431489986	2.212940358107302	1.9089751678634195	0.6711793215056374	0.9914249599459353	0.979350937447814	93	8.266401165030613e-05
ch.5716	1.9982948461683425	2.5880850367567194	0.3719349552812219	1.9910902116049085	-0.189832656241412	1.0435768985567397	79	1.3739141836145488e-05
ch.16222	4.271295083183166	0.9463430611018113	1.2702845384103783	1.7195952657135227	1.2647835345191523	1.7628323344803727	53	0.00012670569906598716
ch.10441	4.30243921742168	2.621394779778517	0.6971887555051631	1.1299675244617426	1.353591347607954	1.436768827973549	85	9.89007233073577e-07
ch.6301	0.9222809299652716	1.9762839777261147	1.0921855788405486	1.1750345477443211	0.935230611577238	1.2986308601722307	85	0.0202285651247481
ch.8979	1.701800331977716	1.3681397505192447	0.5912554503951177	1.1359811565314406	0.2013442532713875	1.9794866265008864	37	0.0008179875119354612
ch.16223	2.8253396009574434	1.3243439868909581	-0.6432267821997052	3.685785940771725	1.0607116576011122	0.47851661032446413	74	0.5684519272984363
ch.9610	3.130454134664088	2.50928261815778	3.64970404144955	2.5780335079494523	0.782866352365149	2.3688299654248284	89	0.00011865771192960136
ch.16600	1.2201213238849253	0.9022750310020072	-0.5570823297575082	1.48146815692683	0.6458201147279041	2.9629345168964036	98	0.006308983243660958
ch.6842	4.388203236655425	1.8397324851702819	3.19169634235075	3.598756274265663	0.49085717109634075	0.656083326439829	20	0.012260889149117915
ch.735	2.740964611663096	1.0897770215418103	0.4454146655923765	3.7268737357747734	0.34999199551758986	1.0599780916680255	83	0.031251966346306094
ch.17150	4.455385824091831	0.9250940832309235	2.0326834595125596	3.971745296600692	-0.5757990955280683	1.6406410466454755	55	9.494833767178372e-11
ch.300	3.4792312030084975	1.2791958495681521	0.5681909487409035	0.19064237357167635	1.9054848709719985	1.2829788462928502	91	4.013946835806865e-05
ch.17460	3.709076082928817	0.8902663578105187	0.19861884365819482	4.054562105437837	-0.31106065112543535	2.753297872190752	55	5.142957472256032e-10
ch.6986	0.3290759344688474	2.7209847885061587	1.995612552056412	3.1942977198472344	-0.7218947484375603	1.7883266808577736	77	0.5775919063916466
ch.11416	1.296503751690552	2.4306070212940583	1.4869030180532716	0.4204857902362833	0.19916089238120338	0.9945025510536167	71	2.2368829012019094e-05
ch.17456	2.7851140848869114	2.6119336939696876	1.0069697105476627	2.969601740905721	0.012715142450046457	2.8856617981172787	83	1.0234366984536958e-09
ch.16475	1.8008390070103681	1.399687303332919	1.0815402128942078	1.3368111486496417	-0.034422981381986406	1.3147577537652806	57	0.000572540380005471
ch.7476	1.9067351397170356	1.2246590261526706	0.6319585919345804	0.42379443032252895	-0.39673468086703556	1.6032715567452032	43	0.007604420703232364
ch.4118	2.347140086756541	0.8907929696376019	1.0213283140064835	1.7495466439068337	-0.10388734541032463	1.682243557107288	96	0.0001766303250335698
ch.2797	0.8054010326423441	2.2640430396386053	3.023582242775606	0.6632291623671407	1.1738843829211159	2.611575116193025	16	0.09302125144385631
ch.17198	1.6623462028214364	1.5603532622184528	1.796824452772418	2.8907621333371205	0.3497291661105606	2.5147893730855833	47	0.0009496325924418015
ch.4897	2.8825102496302506	2.7387018702269215	2.10577680781245	1.8725560740432048	-0.11851788533703711	4.195683466278849	91	2.621633548284585e-10
ch.7806	2.7738858257599777	0.8574892122090257	0.007955122259691527	0.08525256933241243	2.321045388659953	3.1943420204610398	97	9.550041972577022e-05
ch.15178	2.179885174315312	0.9209413244548217	0.2688248658146569	-0.25226564841845844	-0.05971750447137292	0.3197562116393383	99	0.0008192453916169773
ch.5419	3.082257730353909	1.7067063006235266	1.3232279944728935	1.421790292179312	1.2569550909391285	0.26459057549076404	92	3.204972122707431e-05
ch.1712	1.3020225969131272	0.4446953545000355	0.3301559802122598	0.7326327486790494	0.8878272840953894	0.970929987686394	11	0.6751934899776042
ch.4655	1.6129872414092667	1.4712804144928997	2.6390819225866915	1.0583588710788088	2.6362349728465833	1.2796934516979817	17	0.046909060718998634
ch.12583	1.4614692476287694	0.9761856470763312	0.9274827662712136	0.5839203160401008	0.18844071611946356	0.10575706133394824	15	0.4126632604171205
ch.1028	1.8590698730221542	1.4651952645255755	1.4744629303246812	1.1376745209026886	0.45561181044804855	2.9230091727137686	68	1.4651575542581539e-05
ch.11434	1.35796185116165	1.463711504085276	0.932462971567173	1.3142561917114046	0.18885863558340854	1.9137738547383187	44	4.099530750040229e-05
ch.11977	1.1663519533013202	0.6546489400252256	1.1130754554542057	0.8818482158053295	-0.709989551934872	0.5944250484739355	50	0.009886527509171609
ch.7707	0.9372495962238052	0.8256133992290127	0.683655419599666	0.41803989488894	0.9784673504138331	1.6092967168829053	25	0.0041657958388102425
ch.662	0.9200090699905927	0.945499432090221	0.7266431965704162	0.08072484968810312	0.8826464385408691	2.0029844720724475	33	0.015030828406889551
ch.13441	3.654620587008662	1.6704515143016083	0.06579093917846046	0.1081347808284665	2.7896413043977715	-1.3461199785068263	49	0.035037038396716715
ch.13887	4.791435131749229	1.9958279583476846	0.4299333765345029	0.9364841676043169	-1.2240507880391578	1.7159810359589813	66	0.024582943028770128
ch.13096	4.942910088450306	2.378296756066309	0.9723805152350116	-0.1293421181619384	0.7272722871065239	2.288695483087624	63	0.0039586789732296524
ch.15471	-0.7448493531451456	2.3600217910541823	-0.0938256744704703	0.5643347358572471	1.5732090441075848	3.7626309423883093	100	0.0008230580296608936
ch.16995	3.653835168851767	1.6251129115872387	0.1093420805655696	1.218677713448575	1.5887249854021919	1.86105950565252	59	0.0006557056328620159
ch.4980	0.43915723467814094	1.3085907029470119	1.2151567668688346	1.7637020538852264	0.15129613717202495	3.1111847106424078	55	0.00028173188808623955
ch.3671	1.0566306024722811	0.7621751904861963	0.7650164353393236	0.5765824229397355	0.8370017260458836	2.021671993476195	15	0.06187496625800208
ch.1545	1.7665798187604231	1.3217081028013191	1.6340978462491433	0.6081733429016563	-1.4218638966543349	1.6687599172285181	10	0.00815644112279431
ch.3726	2.5216141586473406	2.161246604755133	0.519559163658476	2.3540516289511326	0.57911841234281	2.40127601484476	21	0.11975520968403727
ch.6284	4.38804937293555	1.2307122207013221	-0.5527123852268628	2.675221041310607	1.2292639781260362	0.2947197441388847	95	0.034407148716387635
ch.7191	3.3176903657205363	1.1296905654336014	2.161392224115204	1.4183412528135393	0.5307588593373853	0.3362915875839607	37	6.342136884316601e-05
ch.16378	0.643648825522637	0.7056000906138965	2.1933126235013694	1.1048522070599545	0.5507521691916777	-0.44909194583532475	87	0.2082140399888224
ch.6273	0.4365265092169982	0.871961521668315	0.9853028045415776	0.6966617634957879	0.2387305374660198	0.9484613752301303	15	0.8260584999203957
ch.147	1.6266631397755749	0.5253742525210705	0.2965555685900978	0.41501729700384105	0.737844142894609	1.735513791564307	19	0.02497228122712756
ch.2416	1.3427001652726913	1.963096328977882	-0.13959354681801084	-0.36020017308177965	0.18757982703012555	3.085633586737288	24	0.16979053563110633
ch.6260	2.7414934252420373	3.39757636526459	2.039478280982409	0.9545707151007953	-1.2455997353729513	2.5913604780442276	77	0.05877428798497086
ch.7306	3.5293154577094015	1.3674746187980618	1.483720809408514	1.5199286720057228	-0.036404305694495376	-0.6163728202743225	64	7.304703849721711e-05
ch.16796	2.7550453498213483	1.0420033089563998	0.24333480957553455	1.5355787166975523	1.3239153413457048	-0.749409424783493	18	0.05530898643650234
ch.2557	0.11146152884964855	0.9218050595552278	0.7088271177763094	0.7063279979090783	4.067755110680086	0.12154924371303488	85	1.5493607496288322
ch.1458	1.7581543926181236	1.4474397042808138	0.7491230721666957	1.3217094923768036	1.9346939428957977	1.2005025547320274	37	0.0002403384452288458
ch.4364	3.753784260712911	3.318750174734607	0.7557071716106266	0.4418726077169207	-0.07225849947018392	2.3224354724902634	78	2.7987739112446165e-07
ch.5061	1.8294993424522492	1.4339634243527244	0.4450477128868171	0.5863833731293159	-0.5746444731487813	0.43283378699053954	89	0.0010246481450141027
ch.1226	2.7722142402996726	1.5695180233608774	1.0483886964657447	0.5000823649321308	-0.4115592096920636	1.633250511265421	54	0.0013660141750621183
ch.17155	3.3568475933933772	1.4735365256422877	2.504852882959068	-0.576255505637444	-1.0209066311083206	3.655684061045826	60	0.00016113683369551853
ch.7395	2.2138605852547153	1.3302818575974136	0.5001599335676198	0.7264392671935502	0.3521455665303148	0.8737193121777515	34	0.48274604311837516
ch.6338	1.1440596914356003	0.9365358969313052	1.7625017818088526	1.08925124947748	0.520459641442492	2.1695623587340993	51	0.03281706781959226
ch.1815	1.5200776378576966	0.5712921837393743	1.1640439469880501	0.4974054415312018	0.2426518859807386	0.37448725543769146	11	0.05887116558769716
ch.6271	3.5121292827837465	1.521984850468323	1.438590258018889	1.553860879585418	1.8826225543244273	3.1164932245285293	77	6.001677154754425e-05
ch.9281	3.327726036384936	1.524707282802936	0.3194359974170953	1.3476151570496426	0.6354958567246518	1.416796190477118	34	0.0016441804064521988
ch.15762	1.6061267933304282	0.7024173923408166	1.154902773942505	1.0160003722996633	0.901603678500949	2.827869206089145	32	0.008813848453539304
ch.15431	-0.2937628180724986	0.44437551531879516	0.40032518928157	1.0465452020598047	0.8440646345733602	3.0359175508277287	45	0.0061800460186756225
ch.4163	1.6563958663536287	1.5110710899999238	-0.6946659782573719	-0.6355529052887698	0.18065395350843172	2.6454075260658407	32	0.044124500772918095
ch.920	3.141230252442757	1.3460019378083448	1.3558964895391774	-0.17851456096320772	0.1380248817485259	0.9752813626077865	76	0.0002897463196030812
ch.12165	2.4082394568605996	1.9997689909483514	2.28770817900494	3.418967144006757	0.31933839503048345	2.6579187515367093	20	0.0027479702473945673
ch.6962	2.773054708676935	1.9794244546660247	1.0899254371661682	1.1897717992225423	0.7884736022605104	2.068151754250153	47	0.0003645165361872244
ch.12375	1.8638530301387253	0.87714961373219	1.9512794591982972	1.03008264698589	1.4618234022224303	1.590586611811064	15	0.03680765519862017
ch.12942	2.7322979512166894	1.2298871039955734	2.344311738305157	2.951024298587636	-0.4367229454072339	2.6937101655070297	27	0.00015111195600386092
ch.12238	1.7958355391851273	0.7362616616395594	1.0933909326959583	0.7990066885791003	0.3637247972089368	1.756243199941805	27	0.11690347673893435
ch.9221	1.3754293510875317	2.533092092652146	-0.4485246156089625	0.40401094430382667	2.5597970457509844	3.113505605020341	36	0.21505963807134165
ch.591	4.735648688458702	1.9814622611057007	0.36080739498612	0.5217712199946113	0.5474978090433348	3.79201949738503	66	0.00010133068505210553
ch.16618	1.8300204251847165	1.3355350441704457	1.020621528356855	0.9935603399673383	0.9061540451702395	1.985289718264304	61	2.8723242044699874e-06
ch.6337	1.4618939928038834	0.7611534498756684	1.626772969288215	0.6391303703053062	-0.4014484849464739	1.5385558136342534	14	0.039618571730386666
ch.4495	2.427638244270577	1.2722678846666235	3.3318351355441873	0.964299689787287	0.6404009828293995	2.772370203956338	5	0.017993089452701228
ch.7402	3.968264360304417	1.6161362384019229	1.0428828435563768	1.3630045029534337	1.7985705062007278	0.26457515000826715	73	0.00036579945691995807
ch.10104	0.8092003076728501	1.6308010880120607	1.0944004347018863	-1.5353161551618486	1.8117212858454415	1.3163405744362597	3	1.0108374849601462
ch.7124	-0.27303818740328967	2.0960642438654764	0.9556516055525355	1.8956874199062814	-0.666154559587328	4.549652766617189	84	0.0022221579868210413
ch.17458	0.10350398758689472	0.8284825456165869	0.7197323008438627	2.0557788240346806	0.46855046767737274	5.517282406115431	80	0.2107347450373111
ch.13801	2.1875083994128044	1.897829722982976	0.03232549264380291	2.7533250290351443	0.8327910450480055	-0.28074232797225374	74	0.0012396355387668241
ch.9571	1.1295200707905126	1.0237795936958731	0.7788226538823709	0.542097593302338	-0.7095041837588474	1.1146620816984134	52	0.14397927787887446
ch.3772	3.855475940319441	2.4127346362436706	0.9257340496417429	0.8378244483727548	1.1270564643001544	-1.3203915663054733	92	0.0002222992673792035
ch.14082	1.2417451534615125	0.4979431717864139	1.2362187273700715	0.7349421749465572	2.5284844844249785	1.5304683078968662	13	0.08831480766304103
ch.197	2.6830654760328096	1.8653974786357255	1.5003481300011279	2.6515033801998777	0.2204471730056926	1.5060999166565914	24	0.030643568110242086
ch.7978	1.443954181356689	1.0997003668051777	0.6710363561416303	1.1419538576635762	0.990853881221397	0.7772885522780832	28	0.042573134699161255
ch.7079	2.808313124583203	1.4448447514151743	0.7813950844482168	0.5539640599557878	-0.4005958469295384	1.3050723981895862	38	4.459132805474783e-05
ch.9976	2.4298386698836714	1.0553305192154603	0.3218964594003584	2.184476181504052	0.7617750033627406	0.06959416653989192	66	6.255079610897768e-05
ch.12336	2.0386308275652483	1.413581153646751	2.152032561070383	1.8555580896270856	0.1581625112495717	2.6385073733329105	71	5.1144355752918915e-05
ch.5521	2.7633377862653625	0.9097420868119932	0.20952998474894613	0.610161269890283	-0.4232296455086235	1.1975981645571774	77	0.00023782488066267351
ch.6532	3.4295557941615664	0.4413047440709573	0.5373812604452806	1.8896506450783908	-1.938281982895213	-0.7116167960130863	51	0.00011369053241804173
ch.7654	1.100442861634559	0.8893326163864306	0.9785631546407828	0.6829850883478863	0.3122642569054431	-0.08523262662933428	17	0.9574545510262616
ch.5928	1.1869164954144371	1.3355585384160307	-0.2600560351616069	1.6246534041028864	-0.30799402912256024	0.8892359110623036	59	0.031274085176388286
ch.2675	0.11565403219687542	1.6302875597583992	0.8583384783234019	1.2000589948050577	0.5714074150086625	2.2264514766397028	66	0.004893295076566147
ch.12312	2.8272640965091385	1.3148572076990919	-0.52468040145762	0.3828677963189525	1.907175314333593	-1.2644156631048549	17	0.14784848959516553
ch.5594	3.545257667591167	1.709711266948091	-2.1073188387240718	-0.026644647128384213	-0.34078526708068435	2.14159101086079	39	0.0003688368153730175
ch.7741	2.9572076214508156	1.0052150697650915	2.364600540521643	1.8717516706525519	0.20014406255886308	1.089005488517797	95	2.6830311474334215e-05
ch.14054	-0.05000380991178499	1.3658538971422227	2.215155313701399	1.7389995880797826	1.1954633764206832	1.784419267678578	15	0.0731109277166741
ch.7280	0.33592472617183466	1.4775605892615173	2.2642020208394906	1.89547479582478	1.1284597687346318	4.974555981770329	1	0.08751402303315396
ch.16227	1.09253392467233	0.7214346519513911	0.875986022799063	0.6804069914844622	1.8480737440179866	1.9827692662088505	79	0.06334931988924714
ch.13852	2.067817128643245	0.6504022476817458	0.5875634795386873	0.8260505645194284	-1.0104724454625522	1.6971724154392769	71	0.04963905616616618
ch.945	3.3811408941911583	0.9204076635544937	0.9531728457316363	0.8157328752104516	0.5095705641766979	1.0412935609888805	90	0.0002202432075247408
ch.16802	1.6937257722895336	1.163733489321944	0.6357561115390761	0.7945176563402168	0.3089101137667497	1.3518711273180422	32	0.06851835294363581
ch.11351	2.5920464512837347	0.8427712538861725	-0.07484598371884343	1.7933183137419126	1.9460798199266942	2.6378094876946	34	0.002547525127809099
ch.3551	3.1196569461233974	2.808834095763694	1.1469913122780655	2.0897788205400785	-0.13473087539853235	-0.764423646386795	23	1.2325880548655592e-05
ch.10470	1.997845165350725	0.6219237355751969	1.1997055956407898	0.7302873312490045	0.6007237671059693	1.874673970024843	32	0.0009559113488605261
ch.13904	1.1944944663347936	1.0619196637456265	1.8082411682263975	1.0107799198306333	-0.00385105589055601	2.088264320395232	82	1.2103945040292142e-05
ch.1257	1.8783288810065075	1.0942442571771145	2.135018428978929	1.1203671962178436	1.643620591409609	1.2540161961714213	8	0.5153816697970048
ch.2798	2.417372396829882	0.8132567900255766	0.8195610284832994	1.239347339792363	-0.683383275405169	2.230561994459379	48	0.0008111272314475703
ch.10195	1.623992043394408	1.2119724849502105	-0.11006526492483071	0.7079795060598817	0.9405835127577143	3.6448208679343965	27	0.07051517768837233
ch.1154	2.3786399657981336	2.1379253166498993	1.026198554236988	3.1790439771538734	-0.005676721246915206	1.0843829105818712	27	0.13855864689815436
ch.137	2.351645014893308	2.2621901660447357	0.7362208006766808	0.05746363010293276	1.4577376073014063	-0.2555042722581571	36	0.0002836107854685191
ch.11234	0.7157475913591816	1.5737282961586465	3.0372032186303652	-0.4732904521447716	0.89268313057254	-1.1383643188058499	15	0.00014129919876679114
ch.4894	2.9058290737238828	1.892068655780684	1.863855883862617	0.5082245857603902	0.49460897206747123	-0.9964229198708315	92	1.2727199768522906e-05
ch.6965	4.232766100106148	2.134000780468988	1.3604771016572679	1.3060648312491778	1.63487397729489	1.1250136313360068	17	0.11934176301155718
ch.13649	1.6360361027201769	0.7699522795579904	0.8290584529935143	1.955519756066713	0.7714124491695747	2.7465941531993256	90	1.2476697233103342e-05
ch.4509	0.6305689238315849	0.7652866203865196	1.0873334215981414	1.1564589292139957	1.130318364152572	0.19255056300205775	14	0.3003830058439317
ch.6959	0.3259781955616966	2.7913586563890393	3.3759616227025924	0.5500120812923909	-0.5910318734848301	0.8122055538052948	49	0.6744768958481465
ch.8699	0.8442405027340956	0.4654492554913514	0.6826812599284627	1.0758699607130309	0.6647550238961453	3.6201282722021872	48	0.003459335889703227
ch.3973	1.9985450103885842	1.363709950766887	0.7369793152675773	0.9514869756581991	0.3165390385525596	1.7424436762491373	27	0.07373204392619964
ch.3099	2.0632760076607832	1.725252902520658	1.155274358679607	1.1068944377133212	-0.3957354821184065	1.6398155380652488	23	0.13408806334618878
ch.16085	1.7486569714557962	0.9152504702737848	1.0113359966389472	0.9846246856529376	-0.5754304272512938	0.922921306907546	59	0.1696374263668026
ch.4071	3.25172928773197	3.2262034164826385	1.0326375885190207	1.3591427561162983	2.1261584498589245	0.993871997345257	83	0.014001341144384928
ch.15085	3.9148328730217097	1.7806698240693326	1.6107066672369874	1.452200325647154	0.5016192416519726	0.9132249966856615	66	5.081429914297694e-05
ch.11742	1.9088743703732334	0.7927991439363449	1.146150518795797	1.5017030282727777	1.019715704769343	-1.5806469076660807	71	0.002375827802696288
ch.1156	3.09216110212104	2.3505524483094073	0.9775578316408892	0.9994920649695218	0.2966510937904159	2.44728878906609	91	9.576044815987913e-05
ch.7687	1.6921910027644094	1.1444977425997094	0.6685268006706941	0.4566780480922209	-1.3581645361438799	1.0052771993479896	33	0.1966397150692721
ch.5235	1.7619950843672052	1.10458056688238	0.17791832918036488	1.4258440784029083	1.095840316594648	0.46110104740963587	60	0.016487186046698143
ch.5776	2.2655104805432464	0.7382475394399518	0.3951111588426258	3.652263692826559	-0.14387755677266	0.20361389485213022	12	0.010500635099217238
ch.991	2.6819121421298933	1.7888506063387402	0.870916052924452	2.04059741682622	1.6988448953966604	0.8518475463317347	48	1.4650910963197874e-05
ch.730	1.0434592929971354	0.836930763585395	0.6546713070572868	1.0264633461463406	2.5772378818425254	1.4546984423665081	17	0.03217013442046742
ch.4919	2.7266921750780972	2.174474268657343	1.9618364355737536	3.02052650405828	-0.6537281969175783	-0.7425954101469152	29	0.07006788116464108
ch.1066	4.099722637837705	1.6622445642739252	0.33487343609121123	1.1464181927102297	-0.742681218510125	0.9317015285378834	77	9.294230772078929e-05
ch.7253	3.6769807707678996	2.2478449791837907	2.504963392740431	3.5277343392707574	0.6006442023333642	-1.019761007177027	58	0.0007490948633226182
ch.15699	0.20653973871682185	0.951006003052658	0.7880636950353754	1.2047339767008576	0.042674340699214275	1.1929329106121918	16	0.7810236196406567
ch.1004	1.2365878386064155	0.4231057146510502	0.6749185489509202	0.7710095862250723	-0.14904416985091762	1.26772803031912	16	0.03826170833378858
ch.4275	1.024560784173969	1.0606545474430047	0.7748343321168442	0.7803263133370509	-0.20642748972881564	1.3892132942271673	69	0.028762537432496012
ch.11346	2.6853876993332926	0.907551809605535	0.36788311898434334	1.9937879581863411	0.012791680365749403	2.4608038511515806	25	0.0024039335945333245
ch.4532	0.8894120168013134	1.6685635536266252	0.5072562344493403	0.8328539865862952	0.6364291950379399	2.0996520586339433	42	0.016861486973313237
ch.9325	0.9291714393102973	0.8270864199307025	1.2727217743918229	1.1715319232121346	0.7333890468684209	1.415954866148975	15	0.2054538510022314
ch.13640	2.0328273702136865	1.115807084537221	1.9280782650268258	1.622759935064563	1.6658768151930574	1.6958742388503598	15	0.007760679866782474
ch.9613	3.7698557905154586	2.1893962368183093	1.1534943961328064	1.5094469265584718	0.4429806798222148	-2.4061159015862406	40	0.012622920703989932
ch.3585	2.9499156900625527	1.896701536734555	0.32324721060199757	0.6384270185106602	0.41357239093044795	2.784989990420881	40	3.1636874279478844e-05
ch.924	2.1465926244365514	1.4780973297173543	0.9651287213617147	1.4854424219943945	-0.108704433323214	0.7304464100957256	22	0.0015289785351345724
ch.2023	2.33945744293253	0.8801112001829613	-0.08422368092716315	0.2120833052458274	2.5402898026611784	1.3617830390002	14	0.389959382542946
ch.4056	1.2542096189389653	0.727238446600496	0.7480767514596125	0.4036858244009466	0.9885798152211183	2.0791095633697383	79	0.023662876621323815
ch.12327	2.6588928989947727	0.9480144273375345	0.2960827016123926	0.9331404040365541	-0.46110252725241363	2.359887368550623	31	0.0004191637295295844
ch.1095	3.3265866532508808	1.2667324264871085	1.9096881930320522	1.7633214074764645	-0.3043634689928951	1.0683039856497596	31	0.0980092351196177
ch.5903	3.850406510736773	2.268694467693332	1.6123614163422455	1.0288298545013164	0.7653103386575086	-1.1900549037465122	100	0.0721380758423084
ch.9450	-0.09737356370583616	1.3958935736070353	0.16984917922861875	0.616077101327614	1.1219819275812903	4.256111031030076	52	0.020334634516082032
ch.8610	3.0150297821218226	3.3084685245362397	1.4171431402305008	0.9319757801440636	-0.14344159878234752	0.4251736183314757	53	0.0028170628034635396
ch.6711	1.3935197787330362	0.9428269928263147	0.5557255041658996	0.660794239067331	0.2858178781476658	0.8929594527016976	27	0.008424274911608944
ch.5142	0.6091550100960118	0.31669860632409874	1.0293864225092095	0.500152645621062	-0.839251832384132	1.527250767171795	10	0.47375377861789875
ch.2569	2.3740621519778022	1.4203173466137873	1.2289422325559873	0.46070643386532073	0.32343545913385763	0.5268099203323183	59	0.0044261694266762575
ch.12263	3.971187732888647	2.4268301003418733	0.6193613140659409	1.0587067622445887	0.47170394527136517	-0.5149012497955147	96	0.0059741566622824
ch.10473	1.5609222562653327	0.7988734576550189	0.5263923001859541	0.3577212967947804	0.11543263076788546	1.1329146556962342	23	0.014255354191481768
ch.16351	1.1576409662887404	1.3441202029865793	1.2586681138530955	0.23806925473258156	-0.21591724817343072	1.295102818404593	14	0.017907125973970484
ch.3664	1.715636742047194	0.4960790272062642	0.5307717061341564	0.743933576223744	0.9406877395887364	1.1329646246958087	17	0.22672347007597748
ch.9106	2.5259527625089184	1.3511422343231474	0.07838901348754956	-0.6044069593954692	-0.6168899358071069	0.8848084258165176	57	0.033839776935900893
ch.7475	2.0438211305405294	0.7980358260619957	0.7162363051842237	2.9146686907704944	0.7312646361766739	1.920887512058655	53	1.7183087573894172e-05
ch.1407	3.2191288885119205	0.9647454660681704	0.7672375651909877	1.0843046800318583	0.050308242387830604	2.4782259941412046	94	0.00014121757341898248
ch.1423	2.8968514550482327	2.5488999011301177	0.7309253912206922	2.2095258128101767	1.3708677287106474	-0.8490666356483447	78	0.0001713260294005242
ch.7137	2.170422447275762	2.426757024530563	1.7855738873860592	0.14759343382563805	0.37074552189074694	1.2569505506059215	10	0.15886827367917108
ch.7913	4.4594664167379765	2.109769582521243	1.3194142488088163	0.6220851884505446	1.4033949640659455	0.08256478462363537	23	0.06252583727809438
ch.6302	3.078822826734237	0.9016881950167828	1.3805152950312407	0.6237595018464569	0.2300550660533397	1.4769617763024188	22	0.03227950835485805
ch.2224	1.6190694233030531	1.3660301655355078	0.9374788172966534	0.928667891410263	1.6355686972494712	0.5124439047811643	94	0.000189774167407788
ch.9082	3.102556850194361	1.405677421859174	1.4844616428338535	1.5620059768424985	-0.7251015479542117	0.3685586679739099	56	0.23294828897547049
ch.5160	2.5004885663044094	0.8911791713563196	1.3101214596023665	1.7131351749608916	0.19043655670528137	0.9603730039506557	77	0.0001188866267395004
ch.5162	2.3139962155407554	0.8235390054406511	1.4891330498768784	1.0261145202724478	0.4482127069192672	0.817170775169692	54	0.00019966057701734614
ch.4884	0.7769882862287657	1.7137616814935184	1.2451476789095817	0.41427468720047234	2.466178242605502	-0.6587464198864925	100	1.1008195712937046
ch.16195	0.8896243544764727	0.28215817295722734	1.6508277587661984	1.2635645942137792	-0.3835847183896117	2.443438331886365	34	0.11091976665929612
ch.7513	3.331080381710449	1.368116049219417	1.2130926239707043	2.6013074233696685	1.2286045478565721	1.443249210193225	36	0.0005729813806739383
ch.16706	0.8945290381034868	0.9307616685487234	1.5385253036738287	1.3115921902899768	-1.1224051833799704	0.7137779808941213	13	0.03503048046921857
ch.8668	1.8300637111950615	0.496374983647476	-3.4348893521351203	-0.4609305849959021	1.2914274989064198	0.41189998685846096	61	0.10766795188259676
ch.14176	2.5062742960801234	1.8753817770728938	2.729977436261037	0.48982489565175213	2.49046741522346	2.5434248264209534	19	0.041996917685429604
ch.7250	2.9768579896657426	2.245123658428377	1.1938630935883803	0.9841795455512271	0.5081102716742079	-0.6079032622509284	41	0.00014054095924765736
ch.10781	2.897017967182582	0.3733588128906151	2.283694583717452	1.5272484779553945	-0.029940236730918945	1.581961766854479	47	0.0002893143350961461
ch.9861	2.168767122239085	0.867505412781709	1.2965422907990007	0.0008312799383420888	0.6358675296190173	1.3592789152465912	51	0.0009663588918971317
ch.11265	0.8180391199424853	0.7549117280160357	-0.01785152744921803	1.5165208011573497	1.4397197440489686	2.4167146472929124	21	0.18374957603402342
ch.4810	1.5041463412375218	0.21599095778346467	0.8801672788136271	0.4096688633282074	-0.22102534836705068	1.3910425741416583	12	0.10386469893924087
ch.2543	0.44730577368153923	0.8542310747840802	1.3756635761708118	1.6391922325377744	0.0277665778447741	1.9719677457618756	43	0.0002516637771920925
ch.11154	4.348745336648339	2.6247245245785606	1.4547479864010577	1.7908410978234361	-0.34566143695540297	2.369529841523266	91	1.2019739287607424e-05
ch.386	3.7928040959332434	0.8243294800917536	1.7894813808048304	1.3291956487591163	2.8187610738944686	-0.9760254799214189	79	0.006550778417137476
ch.13307	2.867335313104356	0.8023290888773369	1.2952200794925646	1.5253392416951517	-0.678824972285547	0.749442376962292	75	0.09194005281551236
ch.5508	3.1066953057264577	1.1128792654498318	1.5580034011586923	2.6048467752884013	0.4710119651778498	-0.5396308785313959	82	0.0004650590479312168
ch.17240	3.4768503322753173	0.8982543973106948	1.3198650068699456	1.897265240889451	0.30171373797346135	1.6956376564342137	75	0.0002739731905347301
ch.13201	1.5360785894507392	2.115368053753233	0.6979093377053734	0.31638315036376563	-0.09727145946775706	1.6050220398391541	25	0.08349584380645662
ch.15318	4.1379544242515545	1.8548960894378403	-0.5853070293398265	-0.10320809765643257	2.374637657604442	0.7234477500126149	80	0.0667275647529968
ch.913	-2.1934461159440506	3.137835833692593	2.6734613799935474	0.1103095189182669	0.4704794857740069	2.187797310191792	89	0.03030152507265768
ch.12837	2.0057808266842483	0.7413293296103783	1.6977948020784213	0.3573007485593911	0.18906770711786314	0.38380849153401	59	0.0019303055177120525
ch.9636	2.4178485753905377	1.0660677690428355	1.7920545968179815	1.0844264059154427	0.878518696170908	-0.11900470091514226	12	0.07728063731269892
ch.6794	1.0024949260288083	0.7075686468523058	0.6121489314228264	1.4352654705114003	1.0627155176096625	1.6235766438134775	34	0.31288959779335
ch.922	3.1926237614200312	1.2509965084597252	1.14575011529961	0.3745998352785411	0.4184246301702572	0.573247352225314	50	0.0003099954590211972
ch.2026	3.5806047998288455	1.0222870078926378	1.2980747070419167	2.0729443439075523	2.244348896255418	1.7177259931521138	30	0.00026435275242628917
ch.9331	2.1170930323380066	1.535649447114046	0.7957255795705801	1.8153959303668894	1.966786499102285	1.9057235869819313	11	0.10866263558154417
ch.8470	1.0036196468380738	1.146335089747914	0.6322160593354965	0.3507486471623431	-0.5335276104309963	1.432161910413374	53	0.03649457398864186
ch.6841	1.4461489294799217	0.8373841536408256	0.8377839840770442	0.9489586343672739	0.6384535655410887	0.8755339164725944	48	0.004589107171741742
ch.11186	1.7544415488234526	0.9835927106066727	-1.468429890758303	4.235790139902214	1.5383987181192393	-0.9462318434208955	89	0.0015244621137316299
ch.15314	1.9795032632667895	0.9535094953562495	0.16038274988004608	2.272914902650211	0.02501889078178987	0.25772522072291637	60	0.006339959696399204
ch.9102	1.3267927207437658	0.9388823141474816	0.20621585064058323	0.7675047313128293	1.1462227014632678	1.9645644865704128	21	0.8675366105477575
ch.9935	0.9586040784271759	0.6269337302076926	0.36946483842096034	0.874365153113026	0.18114632856480983	0.6998195599233097	17	0.5462166048530518
ch.14230	2.073567827795941	1.5785552356572436	1.6137734640349533	2.0306373392577015	0.6536209409211263	2.107262366313245	46	0.0014856805911034306
ch.6102	2.0187759992217273	1.1618148559976058	0.5970474728837964	0.6277986104276694	-1.1893272130264703	0.8347823464720733	22	0.05067317515571548
ch.7113	2.3794993628930934	2.2373439237091977	1.668710181080857	0.1576232212265657	-1.3481836269127843	2.5613316403876563	34	0.020834848925998708
ch.6122	2.7266206507417836	1.5341581765372996	1.2413409375907647	1.218061294365447	-0.025301601493290526	-0.049146023938579586	19	0.20744090274880103
ch.1194	0.7610984432408061	1.4429326784316294	2.500061271483479	1.9836311826238922	0.2707533817230482	1.1961742236920685	18	0.018724666496279324
ch.16046	2.9959572894338904	1.140390411691937	1.1832924260475612	1.2888277114220803	0.3050305738570862	-2.816745784456965	15	0.04294698905375285
ch.12597	2.240640013583798	0.3422209869787194	0.13040854394200785	1.2109851778982224	-0.26545082084517857	0.1932594479836509	88	0.1896546096814613
ch.15678	2.4596753080791682	1.7789855106180967	0.42290302459330065	1.6393107406705014	0.9074878393082765	2.2392645462817224	70	0.0001283953512122705
ch.6447	2.328072968081921	1.0160111934999208	0.4602109794181164	-0.1300464430067816	0.005136036439180924	0.5802306156460216	50	0.35163082682896474
ch.4814	4.0551316510752775	2.0819733499026203	2.074653563291352	1.8725771150035884	0.30015691672678735	-0.5974078886742166	55	0.00044110329701483925
ch.14181	2.548264356780011	2.0459349739828734	-1.1955597387319528	1.6652476496607824	0.7184199402064536	3.1692537863818746	95	8.422996835950364e-05
ch.6452	1.475057131800267	0.6568351185348874	0.2901998664725377	0.1291564778246086	0.19710326205778772	1.1879436238277628	15	0.12329700792423379
ch.12125	3.4801411559291533	1.276177930871782	0.8504380229985874	0.8821166798897779	1.3910965622786406	1.3684024593478317	96	3.3467989240983615e-06
ch.5477	2.7956201115504933	0.8657215395374749	1.454463853993306	1.7144415308937537	0.5189282797079668	1.4521993610984707	41	9.025191091058658e-05
ch.7328	2.233256623875217	0.6172834633629303	0.8051440185717158	0.05819824668184914	1.6938352688048188	1.9176875135769165	23	0.018518222767047038
ch.16306	1.3203608472854307	1.3765834964067092	0.6644330620472051	0.27772771580752753	-0.22130704017890857	1.2960355162877515	22	0.030570203705410554
ch.13310	1.9377223285765608	1.6097157373973827	1.0282241901058904	0.520255697670958	0.3103155118722364	0.12747963489602554	22	0.052263966831944085
ch.1224	3.1390387842308254	0.8831320956506526	-0.33790788219107926	3.094294366653031	-2.1569048970629634	1.3675026583133238	68	0.8457607855988041
ch.6852	0.8396000293452897	1.2233600984390998	1.9226653844820745	1.5247420905784117	2.598945654794497	2.5208401949557757	0	0.07844551054190521
ch.7629	4.391459715536646	1.480469154407228	1.0182518750685752	1.0452948413663603	0.33273048289570584	0.5503298874590561	71	0.0013734745855593768
ch.10219	1.5467845219326979	1.036252306995305	0.5290085303206963	0.7124066061766307	1.9417809366506154	0.6078090134351746	13	0.04627912368908849
ch.3316	1.9945018490822797	2.0515442822954837	2.1195322472664015	1.0706151290269454	0.37649599873114725	3.0235665000255816	26	0.12766663749415197
ch.8306	1.3869607951210783	1.2306683886830427	0.6759748266184472	0.9108465388536835	-0.1871297103420413	0.9231260902575094	24	0.0009000248890343559
ch.1439	3.6793489604783804	1.187656868808329	1.4490262493241512	1.0665109010107874	1.217315219970728	-0.8073770359070161	85	0.21042425321307737
ch.1818	2.945620753208332	1.6792813751835238	0.8222701086193747	1.317738421453938	1.1570266306454635	-0.8377585680788738	25	0.11668058438140856
ch.9493	1.9526680290687508	1.088524258314686	0.9601946987411553	0.7707266697217248	1.1537089041693427	0.017881895205162923	24	0.21341479126323926
ch.8933	2.0314742825215406	1.9490355170705738	2.536334268029827	0.8813125895083146	1.4303554932294693	2.8929485796925585	25	0.10674248438639797
ch.10991	2.1918659041679396	2.52243515379662	1.3619519760145526	0.9889095827307804	0.8696712781050571	1.9203870936932284	76	1.2457250336560044e-05
ch.7870	1.8597308881866002	0.8782990316208147	1.4367928230761786	1.3290388786804719	1.0016592091392358	0.8057431669326992	26	0.03271430365833085
ch.4066	3.3099091878505646	2.249516919070164	1.1399404197349745	1.7848232025049042	2.989454573049288	-2.0432420087449024	54	0.0007532312541307169
ch.10005	1.572880910475595	1.217083551092314	0.8950374159943425	0.5195611053192551	1.3776700733826832	0.853466558489865	56	0.0465305112118425
ch.4134	2.2297194680984824	0.7179767203726832	0.9554482708513834	1.3448928828844493	0.7091111780186935	0.7133722724014834	60	0.009299905799828454
ch.11347	1.9827264276524748	1.1362468499451355	1.0140503127167628	2.2203978002455593	0.5240707061792926	0.6779057244224057	85	0.0008710746052155569
ch.6558	3.1810668438341683	1.2305105963957568	1.7543645500007474	1.6745244915901503	0.0001451224819581931	0.5962378481324843	84	0.00034664342432116414
ch.16619	1.2547761261272319	0.8819567667645466	0.11734928698596137	1.0736991107213565	0.7925963196655118	2.6680013739163124	53	0.003712145066678692
ch.4162	1.0591094447175635	1.0555479763875228	0.6347897133988923	0.5036466364609259	1.1434688802008683	0.8503409775901858	67	0.8781585112914128
ch.6607	1.2185270713567402	0.5511250104245282	0.9207532749011587	0.6187286168468626	0.6989771617490673	0.19544465946781742	10	0.44439577443848455
ch.5654	0.9248654064113548	0.9241578210726691	2.555433399580542	1.5052076185774506	-1.085978331553326	-1.6054799078740474	76	0.8244025328664677
ch.16417	0.44002287021345177	1.3590835369744028	2.2331965093717057	3.8004057841367285	1.4831310192334348	-0.684309475041567	73	0.0002306533901610063
ch.3826	1.9733058929856742	1.3338478231102509	0.603662679990404	0.9359283925353553	1.8962375946716339	-0.8120001563857453	89	0.014349599072644601
ch.4809	1.8612551316571122	1.4621272249086048	0.05869888028139303	-0.3859741913755348	-0.7596518259228437	3.266101424939517	25	0.03453045348923507
ch.4537	3.6628474202628243	1.2485058272321936	1.7317789500580814	2.4332546836918123	2.503202563900883	1.0724609162066119	63	0.0008777418175932152
ch.10420	1.0596095775607766	1.2355210361348221	0.1480690866996457	1.3528733995716995	0.3685409067521622	0.7509190749924283	33	0.0406324731344092
ch.2024	3.2433260399607753	1.196415873570253	-1.012174773645484	0.98296564324262	1.1455298491476784	-0.6709689918327186	17	0.08694994245053149
ch.13308	0.6654430304955907	1.5614865224109857	1.3991959650828005	3.025018746956664	0.3386906558337506	1.4355289455304219	51	0.000158186827428052
ch.5428	1.7986056285497805	0.7151525260952015	1.457514508470225	1.540141315536026	0.531595253404214	1.6790118930171332	19	0.07578380601680665
ch.12229	1.7769207784636913	1.0758053977239674	0.24266280496659087	0.825010513249295	0.12713155618527727	0.48290414981076135	62	0.009364739853309574
ch.4190	2.864764212871982	1.3105123003018144	2.625276800752959	2.9106164753864183	0.13240383877859463	-1.0636231700125864	14	0.05645410445593704
ch.17560	1.7744349787323426	1.3081042339434068	-0.3554532135543118	2.96102133228992	0.2950359789644159	1.185127291711191	75	0.0007844567400469034
ch.10191	4.153670009336119	1.8237710186550187	2.051409428376103	2.650706219076872	0.7298429269594834	-0.34016166155307337	43	1.2007776166286103e-05
ch.12552	1.5418285131919023	0.789233245772986	1.2754511340461918	1.324516520906022	-0.06020068193560246	0.45233064149696267	18	0.05441240316575406
ch.4790	1.2197692598513596	0.7683354007836718	0.9790360257707521	0.677468228248082	-0.10888244909286271	0.5906430948398492	14	0.01628114713530808
ch.12840	2.029370139074432	0.6758996892687337	1.7313067894545662	0.3575433628488712	0.8509206513812618	0.7168262676231281	54	0.0020094538103006174
ch.1625	1.555850755028783	0.9645927581333273	-0.08499064843790682	0.614363314380462	-0.09546044746594962	3.1156999321458816	30	0.04506766578222229
ch.1457	3.0058266855822806	1.0331774382138796	0.0891222641160001	0.5427573704133326	0.8279810655547992	-0.010041768699088571	25	0.0016496535830209404
ch.5656	1.4852242406816474	2.024549875171618	1.3585725558296202	0.7519107265465763	0.4153271061246063	2.1797203374381517	19	0.019219826597424126
ch.17800	2.7322464660191255	1.3219277614922014	0.9360417982963815	0.021426836738573374	0.36836588680521143	1.684310169150105	26	0.01650337202889506
ch.1434	1.9736699261114925	0.8423378890525085	0.03419264858158633	0.7778666302261127	0.44497462219147177	0.8787794874003033	26	0.012176152095931432
ch.3403	2.2037161953597475	1.1860101941191226	2.743899825915433	2.498585375408892	0.5519478456122036	1.2358719613257465	21	0.035740750765150466
ch.992	2.052840606658985	2.3271802925763634	0.23204189933376063	1.2387571419076115	0.2788189794000493	0.8207964922879183	97	0.0016363407365394998
ch.9405	2.0581479753735525	1.1069768984022064	1.5452199790561751	1.2435728769317245	0.515085529739151	0.11461035077861192	47	0.008325000546308067
ch.16701	4.161154719698214	1.3007544286415422	0.7617295363417869	1.4945364047565783	1.352120291364594	-0.02118350831664617	63	0.0012769196767572447
ch.11350	1.9765002850610016	1.0702280276928793	0.7541031636348001	1.413131371651894	0.6271108872066203	0.5343969124055243	77	0.0007940221712444571
ch.196	3.2918375439592302	1.5817609065098435	1.8604911266185296	2.879155490530909	1.4289186369643174	2.4346229430706434	36	0.04306904208791097
ch.13727	1.373669092530644	0.5035412914388047	0.6447692013323023	0.3189470863914512	0.20173795687447138	1.2345896928018907	25	0.10562330846605004
ch.902	1.9558888665164627	1.9244463144124182	0.7563239383776714	0.06452192038396665	3.0722585561333133	0.28022973538605855	17	0.1385404126897909
ch.3315	1.9077752899320177	0.6306023531456396	2.3490386054802457	1.7072111785622521	-0.30774691444363766	2.0092466640688125	20	0.15163542161994276
ch.10215	1.9846944160072963	1.2848446539031388	0.19188498663223197	2.22344604599144	0.7462420965129244	1.1752088408026813	22	0.000540602355776608
ch.1414	1.8971002153057865	0.9246874926489387	1.0767910046297398	0.6159956044450059	0.5245641599670983	0.4110137639839859	17	0.2311724447515471
ch.13447	1.0323568505904914	0.7947851323359271	0.9081995947320973	0.6596485521252391	0.42476133751792733	1.17862189667295	71	0.00022021063064766694
ch.13292	1.2206200889076007	1.774245950361423	1.381215800677683	1.240896407261138	-0.9313230538689368	2.9769804002904516	50	0.00029782771173341766
ch.15835	1.3931454827943146	1.9710741776078473	1.0639504376098015	3.2498999701941043	0.2697657678329315	2.0364096662739555	35	0.15624234581268218
ch.15864	2.1569123453080383	0.9822858876249118	1.1032894180859034	2.138400319605823	0.3134400254654721	3.053895821481593	45	1.4730982132719806e-05
ch.2511	1.6980505830144619	0.6366167910876271	0.5863441018146694	0.4049684384095431	0.11761127032356522	0.7101237904987266	65	0.018950045528063467
ch.7040	1.0200860738094102	0.698862191729407	0.41677070193516463	0.388549238205803	0.12762884273761677	0.2513963279235848	22	0.9754391694605866
ch.9596	1.638359757872688	-0.1915453904584129	-0.3317754700896999	1.616332730163883	0.10760971340937842	4.548487025285132	63	0.08099041365490828
ch.11703	2.72158819126279	3.054893402159893	1.8332582052172175	1.2554233151891943	1.0517083601158104	2.613607725066793	13	0.22693096370582208
ch.7418	1.522543676930669	0.9979665239368543	0.49855505593811533	0.536499432399969	0.36527881492112246	0.90847079880178	19	0.013935002704471783
ch.7348	1.8136205505468195	0.9754527747208268	0.8951148106781016	0.29536916725267026	0.40947458378429724	0.6470416491585709	22	0.004041811396940526
ch.3457	1.5066436625972104	0.7840981144700242	1.2684358152210042	1.0093592233694548	2.2489996247327153	0.8411057276432443	19	0.10749457642679977
ch.1188	0.34544770396159963	1.484707014439645	1.3121934034891334	0.7836369348262331	1.5886857270541315	-2.6526596072721373	13	0.09615529852217593
ch.8772	1.7570088089741889	1.4958865353666035	2.176298956519206	1.0492797284556614	0.5826646658851069	1.2378489319905093	22	0.0005850934647289365
ch.3505	0.6342147479941647	3.3560008441341727	0.9449059700230393	0.24710220211623646	0.4864350230627872	1.3356041245780652	99	0.03725420897088636
ch.9569	1.0190341948342856	1.9038427404774612	-1.774524281773501	2.263431116818991	1.5965414412286139	0.054564074469464985	18	0.09836601031828746
ch.9401	3.3906998359507297	1.684031300141858	1.1651082318753228	3.1398510373666504	1.184651801467167	3.388213966647036	50	0.00011132907072966533
ch.8633	-1.5927848613354159	1.8067723499063995	0.11810830219125401	1.8331572918563965	0.9559159504407952	4.450212673466811	90	0.0009080563299855012
ch.4798	1.4768302923254746	0.9987521663978512	1.8557968631403796	1.733747978644253	0.32013244877877056	0.9379498039694176	18	0.005756986024806722
ch.7317	2.0920530043826147	0.6257049040059277	0.8294552277384181	0.6393922412349285	0.38484453806103214	2.5079058196924664	24	0.009986007677217974
ch.4914	5.0625279115911725	1.3333958660306875	0.20268328181467832	0.16232441991368984	1.5630984143755848	-0.4401192276721534	8	0.1066861920217456
ch.16505	2.756390119712086	0.8365604327082443	-0.14750007266483545	1.411839684054026	-0.6788525613879627	1.9564147998350743	28	0.23105213568853877
ch.13282	0.9338870220423634	0.7137353011799633	0.6086385878200931	0.524965686622641	-0.324622959321919	0.9547716724730851	14	0.6200038661606033
ch.17019	2.4358368388478753	1.582411921487612	0.3849024204477951	0.6680261559346994	-1.264482577899193	1.378693772321599	16	0.3246111196113918
ch.17315	1.1788016346151013	1.0714387755634909	2.4148709361174276	2.3379050477681185	0.895859482841689	2.0007960539292395	19	0.04614717432224069
ch.7486	0.7948875494866474	0.47356689423028764	1.1304432610201505	0.6904821541321761	-0.5064451083222684	1.2855185888238692	8	0.1008608190629661
ch.12087	1.5171061174868838	2.0861766655951657	0.9859084712397069	0.465943757528545	0.37423370924352706	0.7225410148899108	89	0.03258587414003566
ch.2154	1.7203693424629463	1.3478222814742362	0.6794578996962819	0.692799890184335	0.2619085896442054	1.691087182742065	99	3.898863481085165e-05
ch.7646	2.9549449811113386	2.200606052460423	0.007414447567650195	1.1460513202588944	0.429609304342082	0.8472992492701893	31	0.09287306522222681
ch.6393	1.0628614827341267	0.83191507262793	0.9462859683220085	0.9324295315269228	-0.6062964536739337	0.9077138878318803	17	0.023183660264959098
ch.6647	4.066141975014859	1.2524771129395034	-2.06199330788724	1.1162734279935245	0.07219435571670096	3.0325464976484655	13	0.09421437732638123
ch.6385	1.4257656070880174	0.6347487860992016	0.5603332662131377	0.7850727591941397	-1.1441631118145414	1.2414242707770091	17	0.21151299221879064
ch.1796	1.066569760591324	1.319791212787257	0.6898437733862816	0.6944926602185045	-0.9520698767465776	1.727755902804064	23	0.7596426454486758
ch.9474	3.08395340018029	1.2288185756603864	0.6989796400316025	0.8677310869432869	1.2421683048397343	-1.125272329030088	42	0.660381942110728
ch.7855	1.3569855189849096	0.6053695349916697	0.849961140814289	1.3755719821455774	0.8490951950114252	1.7419790697934465	31	0.001298474776639727
ch.13638	1.9545116535460862	1.4779676702230806	0.3897484590562954	1.0875318591074343	0.1092955529642421	3.9297631051632695	97	0.02816937462079488
ch.4964	0.28912835047848096	0.34055045595547173	0.4009024431542719	1.240657918955395	0.06502601228094795	0.2803940956135995	8	0.43724168021956283
ch.14694	3.1670893107860056	0.6868233225022637	1.9748260459497877	2.4901711476010857	2.4640320325800484	-1.4087837410625341	59	0.0017961726283129207
ch.1219	1.3613151819543243	0.5109263665785018	0.4595429505151474	-0.022047647630067613	0.7387752733540476	1.9155140003173832	26	0.002403352512210239
ch.7619	1.2839839619169038	1.0396013901187968	0.7118218683114438	0.7555892793947134	-0.05633872212796742	1.602821729953129	77	0.0005725157314049755
ch.5393	1.9750657879790343	0.8943155008035051	0.13637787022137615	0.24071941358992688	-0.11356550547337141	1.7874915533536657	24	0.013111243838295818
ch.8764	-0.8486374814451197	1.1076122075075916	0.6040432220364764	0.40151555628294366	0.19009778436671787	2.694856401465785	55	0.04119804402590349
ch.6476	1.2509675627939352	2.2708068188313013	0.6900229189370505	0.8718444095998803	2.836151023370744	-2.084740568566721	91	1.1599854490277985
ch.13576	3.1390163428079303	0.9841821919620325	0.6782473669174879	0.8186965913451038	-0.24672399180432925	1.7858233243657171	83	0.005419831890347841
ch.8112	2.104695337192747	1.1658865639759113	0.20941103463592814	0.7645383510834409	0.9179728560230406	1.0343647428147573	34	0.05463927297716516
ch.9041	1.216028316391966	0.37733502568334354	0.41989534095703474	0.5272592460301696	0.7017462856496571	1.0755586812824576	5	1.9633766709393852
ch.1422	1.7077946720690067	0.6263372267696503	0.3091290035962001	0.2221874692660324	0.5550213044456885	2.081320994852045	27	0.02361821535836859
ch.16919	2.292244404661392	1.1361746311122727	1.6337853183549096	1.1185631414991382	-0.7359765518112521	0.8176809531358427	12	0.2279494814365485
ch.7640	4.795208957324888	1.7646797866704804	0.27959348347690516	0.7202260337319881	0.6633000233260863	2.647838948821919	95	1.622731923664663e-05
ch.4998	2.0373262982149933	1.3394730525465084	1.0644865274964679	0.8457750650228449	-0.2963202565092914	1.8932373533745397	27	0.014009905134659014
ch.8600	4.05817862657612	1.4056433813127576	-0.12805302747384462	-0.6520355676300006	0.8057336620604133	1.9138968223873585	16	0.1494883230610334
ch.10343	3.589583476776157	0.9689539000100454	0.7613453152893177	0.7215894404203236	1.8006090379011135	3.830275226722931	2	0.0583620895415007
ch.9872	-0.35119357220733083	1.7118639487607061	2.179098848817465	2.1161282562946786	1.0765648622205273	3.2439006885503954	92	8.360304841341446e-05
ch.6235	1.324477971744515	0.7429995041931392	1.1346679252670047	1.1263065881185557	0.9782232544228976	1.0503569702510485	39	0.0037738359469954947
ch.2398	3.4745293671096817	1.6824479995632022	0.049873247226752904	1.5891068974371532	0.7282261315818837	-0.3061556530540862	93	0.0002755675686852583
ch.14035	3.051016470952052	1.8852718292454123	0.8003785429310276	0.5650306867620097	0.14776090537592868	0.09655805361258518	83	0.007357040564182206
ch.16315	2.3834962867652387	0.8647459626600739	1.8115296075873506	1.152474919228488	0.0260145840847249	-0.6568000778446963	23	0.01735654982213175
ch.9088	1.738599663437438	0.8952923394837486	0.45185418910511643	0.49378730267422977	2.1407688234270505	1.2398310882504533	45	0.3135159376659007
ch.13278	1.103914953884364	0.8680854483662822	0.783999232268892	0.7889863241027812	0.5831499209290517	1.131324093477709	15	0.556062893268774
ch.1716	2.1146441037033683	1.1920752211008394	0.9942963367693186	0.5587864447727328	-0.4164826117297794	0.480001331157597	99	0.00214386266140493
ch.6751	3.312383242351709	1.3847438370645317	2.313465416693288	1.6891201671846132	1.1084407771622902	2.8544779831977865	28	0.13802158542808154
ch.6418	0.3922494964937182	1.1376686943889482	1.576443970986467	1.5568213041795873	0.12734157920887745	1.64347452733734	13	0.11352261290096331
ch.1380	1.5843528878947666	2.4868244799171175	2.022039416129108	0.5977572554421763	-0.6763960760595845	1.3606815538230066	59	0.020644090850222327
ch.9345	1.3323902929628098	1.3321060858892095	2.970449677285724	1.4429163550164255	1.7168106186543273	3.478282904453367	1	0.01714288754807548
ch.9198	1.5355608400851288	0.6104030343736334	0.9369834800839679	0.9798923264305859	-0.55122761094891	0.9268505058921744	70	0.04380059687060782
ch.9946	0.9491882810498425	0.9781266960006003	1.2252626105067512	0.9219313121356032	-0.2395809039632365	0.7717134948875852	17	0.006452160172294388
ch.4289	1.6140453773527978	1.095233086422659	0.6241405961652982	1.3443279609252716	-0.6765843767015062	0.36189393829731475	17	0.11643342614389665
ch.8562	2.3344960246717577	2.1401082179650976	1.5877707312272946	0.966564605288487	-0.009886340558893703	1.639037637213487	73	0.00018754376495603377
ch.593	2.2651369763165246	1.6585179588499614	-0.1315155093855116	2.2211586516475093	0.01428769742974334	0.7731844927115923	30	0.04600322699499485
ch.52	2.1079501585116676	0.9642638919399125	1.1606128068835417	1.535810400000462	-0.917714856401593	1.5956620767824017	22	0.016346304119695912
ch.4397	1.4944511673444638	1.1555024009888935	1.208225188948017	1.417122786044557	-0.22964235768739372	-0.9517626205155408	81	0.0009600760713542391
ch.3872	1.0575099758794826	1.0492123181276418	0.9386951278031418	0.7157113296633023	0.047593860326100135	2.2396192531608046	51	0.029207826863125518
ch.8377	2.6701365218404636	1.4322866606348401	0.39507030446498315	1.027860651930311	0.5017461983330821	0.04904522698195135	95	5.959551833718636e-05
ch.7429	0.6838799405032896	1.5500876501669147	0.14848786928488	0.8661207415101354	1.3111334236491887	0.870343074682839	51	0.028930623900597308
ch.4519	2.8265114694477114	0.9622663343280184	0.21387931753302136	1.3270544346888566	1.4665901435576365	3.7455258382564303	29	0.14253741370281373
ch.1073	1.4902149193672325	0.4753517229514187	1.0802120772851425	1.4117178894853015	0.8492308442962823	1.0469571850772583	14	0.34729870054120576
ch.519	1.888575358990971	0.8829486892577735	0.9580806972445235	1.4654134824485423	1.1626327130938248	-0.416169147965884	84	0.015600000415455331
ch.12548	1.4264753450613674	1.0069963641447468	0.24730418197232384	1.009578257419641	0.4368778855524551	-0.6086848790778758	28	0.03560252822893513
ch.10061	2.323074832216908	1.2912792550190022	-0.7817647949193375	0.7155875369185329	0.26794138176741256	1.354343073893939	33	0.007652020750334524
ch.3543	2.1156552315620436	0.663157257891894	0.3445256421300328	0.24756470715947754	0.13292228886293633	2.2205539254091944	25	0.004914111417853474
ch.5367	0.47278601444518686	2.0319781937308825	-0.012951066914933307	2.17635769544544	0.586911184278628	1.3436378152921735	70	0.0009830902586182712
ch.13477	3.537460871776619	2.2932370378915774	-0.022498077419952356	-0.24757180050555994	2.2796732897924787	1.9116173479527476	5	0.09205304447280159
ch.12970	1.7259463027844488	0.860180519938902	2.5358137088563764	1.662910624003928	-0.3321272165007526	1.025979067362317	20	0.054837478218556425
ch.11449	0.8075081542780826	1.3995149335110955	1.7465310728990633	1.0173938808682301	-1.2428474629915267	2.369846646321123	21	0.09404245013342849
ch.8153	0.5841664310819003	1.581008710752052	1.755889036916965	0.6446716355395598	0.8111495481188347	1.7529301234058043	16	0.08154593233178048
ch.12939	3.389733722116079	1.9468448233617819	1.6172003880517716	3.248435875276431	0.8403619990240654	1.2537279233398615	97	4.507329518360132e-06
ch.13947	2.384379175866683	2.1089343067406365	1.4999150654458884	3.3610344007502553	-1.4223682615084403	2.3143013994361157	55	0.0003260479765464337
ch.2025	2.4255098468777874	0.7747179056871393	0.13834001370354232	1.2414871629474373	0.3286808175737337	1.436979346855661	48	0.00012760300998685445
ch.4391	0.3370317627945094	1.1391562522794838	0.1361683208836595	0.6158282549145976	0.7636023466363318	1.5743506195949006	20	0.8972556717671132
ch.7281	1.8341277938287166	2.4776159562607747	0.6222030791090658	1.812365344948124	0.14916305585882705	3.566650981681478	23	0.07281180053549845
ch.16759	0.35994362087604304	1.8585917594445514	1.7724502285300523	2.283504242457931	-0.6542737681585218	-0.3460133924904434	11	0.10015381341231892
ch.499	1.87036197757743	1.588559790392443	1.3016172504147572	1.1235903988932465	0.6397050506588664	0.6465028584400836	28	0.020134801615563264
ch.12560	2.3824304651646413	1.4869476146560148	2.1146939453217266	1.4069453758094586	1.024863720363056	0.9054642367101379	91	9.440682403613004e-05
ch.6770	1.0312052775178302	1.2005636733402802	2.0166550610977017	0.9809731344615841	0.3796776362699471	1.2392281272441825	19	0.17949292011653323
ch.10474	1.1729383694346698	1.2777885683019787	2.3060944282492937	2.7081690925524606	0.5630307153101465	1.5261016850795408	15	0.06653555992613389
ch.8928	1.5219037820879109	1.2495709599538873	2.599361387349341	3.653075208035898	-0.6663002512860848	0.8316639047583531	24	0.031844622535747324
ch.545	0.7771157651122269	0.9646570421476651	-0.10281515496454519	0.9992653762487536	0.9647573763092685	2.845621063373342	35	0.02103435012292041
ch.9927	1.294950313376848	1.2238977099289676	1.2377403461922898	2.2130471766815907	0.8534994498938799	-1.3315768087645232	13	0.021948942497436463
ch.5606	0.2756413586610307	0.7887578004947695	0.8945841229964628	0.9743563882888809	-0.3336266937480814	1.478476197484968	80	0.07357556083235801
ch.17633	2.088050587499298	2.0215894650391437	0.45019276809182607	1.3231155132474581	0.281413563284321	-0.39604518582035786	31	0.00010062020287852393
ch.14366	0.7271464097117638	2.227140656069931	2.8395337848905218	2.073281170148692	2.7520335489015753	1.5850327271117701	79	0.1572108028378315
ch.1582	1.3716237843917942	0.5454331767846278	0.34474398554447494	1.2183950590831785	1.159757410559263	2.1442316008994067	18	0.17489826626180538
ch.5225	2.1649620559134304	1.2527343947910827	0.6892479876100975	0.9621167480895687	1.2433446199011557	1.7725337575123774	30	0.0984003503399992
ch.8336	1.0498650148043134	2.801799585061417	0.6122517223867427	2.1691059930738197	0.691284384998121	0.06525984727266199	62	0.00025530227407101567
ch.12095	2.2498540268032037	3.0695456118185334	0.6362151793150366	1.0294432623266763	0.4817342851647979	1.5930005882057516	48	0.000879535707863641
ch.9848	2.52839993117437	1.663048140461234	1.3868678881117478	1.2649177679408607	0.20465641705443494	1.0754162933521416	38	0.0001881361353066477
ch.2505	3.0081392285138833	1.2771597357152047	-1.382874855488828	3.0912711217908186	0.8995416947568878	-0.41045420439547065	68	0.00038757109494280434
ch.9790	2.7828082971992445	1.3769680675703424	0.7353894554991103	1.5405599482728651	0.021747789057015465	2.096105964998889	37	0.002097080554429592
ch.15409	0.8929632118725973	0.6236619624916144	1.7046292994115988	1.1548497368503323	2.090289773199827	1.9159544387042282	15	0.07962621191670273
ch.12954	2.374738338642053	1.1551214992967167	-1.2363038381666756	2.0409937870190973	0.6048686558536939	0.4102845953886376	31	5.567205448190146e-05
ch.10491	2.751998450389297	1.481909511264234	1.3313916079556813	1.3541543824188964	0.16244284489742977	1.0472018581052192	46	0.004934340080618427
ch.13911	1.7944983002888664	2.113424695801018	0.3206475573748323	1.6916303030760527	-1.4110432478961399	1.755803621975391	71	0.6833684513530771
ch.6648	1.5309362938836482	0.657827238239486	0.26412667516206356	2.335003113209817	0.8495409507810023	-0.8759573575100605	97	0.002763605320596632
ch.6299	1.6391281424907882	1.8408751697905692	0.12945606165379386	-0.6825543934943797	0.2802511747821619	4.591774466329451	11	0.049128655544444275
ch.1468	2.3895199630809003	0.5513664718046813	0.6502612745788311	1.61420792810778	0.4499609601745693	1.8868001744212959	25	0.037118960482345795
ch.4095	1.8912800066653097	1.619974323134075	0.3493422856711066	1.1929484110875124	1.4290541162369144	3.1978529057508696	17	0.06768788267611275
ch.1017	3.231275423560828	1.6399682398107065	2.1395992138605946	0.5170379807792953	0.06966237729149016	3.1893342680585515	18	0.06328733163527141
ch.7743	0.5075769525516823	1.418336784920792	3.2324618702122967	2.8074944216076068	4.936880443991011	-1.7156899994589176	47	0.00900065966250441
ch.5529	3.536464525793681	1.4259157965793623	0.881582119736109	1.4743732180960305	2.1109111881017615	2.029834733646744	4	0.264392411335735
ch.5226	1.7198646170449468	1.5949889756047186	-1.262833825726875	0.47486902364924355	3.3164286192761048	3.2201420858176553	5	0.6676590673800974
ch.5474	2.454925261322347	2.8319802065974526	-0.23945735088607345	4.244628669522031	1.3597079438439463	1.2548471149903957	61	2.954794179116661e-05
ch.6378	2.3642666050246057	1.1663459757213674	0.794027243178499	0.34070282353788794	1.5705217311828843	0.7315951650103364	36	0.04734374770366593
ch.4099	3.1984987765899646	0.9952595687755565	1.487227139849955	2.3807906582914002	0.05124846909369951	0.8123024481829646	43	0.0015943569188308483
ch.3569	3.863591599863671	0.8064906040044156	1.3266972393776215	1.9529783411843842	2.527702622257838	0.8585587017445239	53	0.0009203068971957176
ch.12172	0.6798185255113387	1.3319253963348254	1.407216641254864	1.172725653302925	-0.4226969815654842	-0.14604284251484412	11	0.10152265555198489
ch.722	1.846386549653443	1.3668762863994073	1.7722019781432152	1.6212304187978641	-0.7338358093009238	-0.6030128506505379	11	0.15106419275546482
ch.13712	1.1830627214580682	0.3579747603087673	0.8734405693848718	0.46745694211251976	-0.048795057255034524	2.828601051884635	36	0.038625844199136956
ch.3734	2.338978237417539	1.1973689046622438	1.4398742342581388	0.21858533358348486	-0.17733672095089303	0.9899429362845091	21	0.006686539695641282
ch.9669	3.662754164741924	2.432846389867911	0.9234496936653109	1.9932861910996817	3.2383199660787714	2.365575678906178	9	0.08553474760586957
ch.4476	1.118425118426157	2.7219498097392285	1.119244593143573	1.1262238364650283	-1.7320659117083324	3.248442858506971	98	0.5032181533751464
ch.434	1.3034759343412663	0.7978489495188772	0.8281734926522518	0.9872593244374297	0.1947776432719761	1.4994369592591816	22	0.0035998514157992273
ch.8063	1.1409786723712187	1.2383988473802165	0.7348296911567945	0.57867229224071	0.08479840553338325	0.5414489958797861	27	0.6422408166084687
ch.9017	0.9537757626819157	1.349901728809165	0.8206152714940915	0.6481187944653679	1.2521595108577075	1.3885969382454775	61	0.003890706087696872
ch.1293	3.28504919078214	1.877778582726946	1.4763853375435882	1.9543416259467095	-0.23543810550892252	-1.0959071458386629	81	0.0019130763477429942
ch.4744	2.191560121099639	1.1156025280177015	0.7813297430689271	1.3398707630173097	-0.19790373521414062	0.9296148833572213	24	0.0593742550628244
ch.6210	1.2309598455042146	0.9147131647169986	0.3593958124332536	0.49154928730453096	-0.07335660748988648	0.9850092169502809	93	0.02482997321717919
ch.9812	2.0794655905181756	1.81672253648252	0.6313471602544072	0.565835002597447	0.36651377490672443	-0.05513080014333438	47	1.6932381680662631
ch.996	0.9067038324003059	1.3454147088853128	1.4502791454723571	1.4395213578644959	1.0529009859298804	0.5582459737262668	12	0.4570776615560516
ch.11071	1.6115833206401713	1.1755361208494968	1.2699053561208407	0.7480945539142374	0.30291446841969527	-0.30663381722110206	18	0.14660609644522815
ch.12940	2.48822377593723	1.8667588929924912	-1.3106999297024036	3.3447178293376774	-1.2609228237126389	0.5571311003648883	73	0.00043820208885222164
ch.9163	1.953803001114256	1.0601977667538673	1.1814269346298232	1.4429873365372599	2.1166012981914784	1.583730663100424	16	0.019345815575679874
ch.356	1.6187195120175384	2.3041668884548665	0.9871504175957454	1.581750717311727	-1.1426381699250276	-0.3235278955090054	23	0.11008501688236505
ch.7574	1.8401078595486944	1.0747640134627303	0.9342697712704646	0.932099696972932	0.040279905990736165	1.1015524025777492	24	0.0030919764467476243
ch.6245	0.8166569835947746	1.8129638080205437	0.9256923734226793	0.35494309147666225	-0.8244528569735297	4.135256021033587	52	0.20156513303312457
ch.12558	1.2968163656019345	1.2123066786421464	1.1167720277836732	0.886864533123083	1.117989649127987	0.21304858910639335	28	0.06903505544160994
ch.1616	1.0139950344758524	0.801461101532792	0.795030674902756	0.4383142402182586	0.1688187477705616	2.2143177564647902	21	0.027675717700128902
ch.40	2.1313654404502453	2.0528747347873626	0.04557460311447392	-0.33796112902964515	-0.6731871118584735	3.127417809361391	6	0.40337494636343246
ch.8204	1.6073588779221752	0.9829231188785807	1.2665540492971763	1.021288420742615	-0.38153332713794996	2.7935539643676206	25	0.025082671149765316
ch.15250	1.7951857579477086	0.5566990196170379	0.4978836087565034	0.7946325043069447	1.0576165139311855	1.1232413480175358	93	0.8189200456352974
ch.1064	0.9489903076871647	1.4344479165012722	1.5268708772370254	1.8093930972337746	-0.9833974801876602	3.87261743732433	6	0.09406227495995896
ch.3969	2.0200647381623025	0.8303606429177754	1.6020405786449219	0.8236616163484765	1.9331366638312744	1.1327968261587784	37	0.0002800205255623577
ch.1601	1.7673786973050039	1.1163192148983712	1.5103126329645347	1.8912147584098835	-0.0818552794195968	1.8912259372625018	18	0.055086491645262387
ch.16570	2.6078293492484628	2.538794773467755	1.0529030845763891	1.7330084152129905	0.41875741550007717	3.5922398952941217	21	0.16947015653729042
ch.1436	2.365688842160928	0.8936373129957339	1.4226205155670626	1.513738276764029	0.08429105833485584	1.8084770851339216	22	0.002269733597431765
ch.13263	0.9102362063026286	1.1057421375533818	0.8889442195795536	0.6006059574052008	0.023346547452409383	0.06334935872215541	49	0.9702814603621067
ch.3817	0.525082482988805	0.7124737038894804	1.3760508367547841	1.0179823521152376	1.1869007814138737	0.4315950375839862	13	1.1558300508340114
ch.8612	1.6800398978680993	0.7214707146176139	-0.5404949351067387	0.928980465978174	0.5064077221411827	1.563602441685565	71	0.0024605742627217594
ch.800	1.6568767025307691	1.158080333691235	0.8254076691638187	0.879392076818833	1.9094662306653363	2.192540211140086	87	0.00435611232111271
ch.13939	0.6424711181943968	1.1507000377816654	0.6966096423301018	0.7714096706045316	1.9348575718622345	1.449739235868967	49	0.0060477306933941904
ch.2488	4.253573367189113	0.6195367191666771	1.0745739483489354	1.886971991169807	2.3079892571376894	0.08776953913148355	84	0.028608093211062474
ch.7034	3.1318911781199894	1.8421268545007248	0.6508279623547949	1.4426958917405557	1.1549176469605538	-0.3024407875036961	42	1.1951068437496972e-05
ch.11022	4.195045457738672	1.564833042832015	1.9741088731485479	2.3695961557787237	-0.10675561543629852	-0.5159983442732617	77	0.00017089310944545593
ch.7973	1.4324228614967518	1.1499016474279675	1.1097709370423556	1.3224811342543594	2.685291574549741	1.5306619333737501	25	0.20116979460093679
ch.9517	1.5989429855010133	1.465822753400717	1.1133857846917574	0.8425055720604298	-0.43214702664066873	0.03956466435399386	21	0.008715817204755533
ch.3688	3.028322927392541	1.3098601433286254	1.0878786752298382	2.1021277738103037	-0.0877301105138868	-0.06333603039843738	41	0.000541614009745927
ch.10882	2.211832136423189	1.7226462018819686	0.9699867362711577	-0.35568224722756436	0.5266837814110792	1.0978730214518477	15	0.03295252404003127
ch.14028	3.8140729878963135	2.9895924418390574	0.6299222744555076	0.2562620402095832	-1.3633372821771539	-1.3647317833425934	64	0.01730961847806745
ch.11937	2.140790435756342	2.032740600187863	1.0996032009547698	2.01690340677942	0.7897556319330377	1.9722131778805396	37	0.0025649069616315227
ch.8659	1.239202566016894	1.2805796328547832	2.0370172316320425	0.5517022210498328	-0.4816832707448666	0.8780514496721876	18	0.015806567066982278
ch.17636	0.7539042483375837	1.032934382610323	1.2385064032581858	0.9714569976979882	0.028235909291383865	0.9606912401110447	57	0.017882313822904897
ch.8683	2.0274257535625897	1.5763304048992293	0.8239461953184755	2.4413586649125163	1.3525905026535394	1.3655306560609177	38	7.721749948516908e-05
ch.17707	2.7449876399043256	2.6510283182523904	0.43878372749137085	0.4041989648850418	-0.3364839664608761	0.16752013885153727	65	0.0001724574924513048
ch.6596	1.0934989247487588	1.1734332334124842	1.1481889580695683	0.843869047758207	0.6476746122500793	0.33755031854434137	15	0.6140755727836089
ch.10021	1.8402333358865492	1.9698283310128022	2.5827396259619504	3.6312345914432456	-0.06309606673278156	1.5265643984061175	12	0.07814274926799583
ch.12588	1.7375206755526547	1.9134468734835033	0.09758790423693331	2.937290647240508	1.9999527409245772	2.8426485464599462	2	0.15118102816151838
ch.9479	1.2327860464317981	1.0789697786860675	1.119229190671565	0.8516927098319781	0.045341118163480965	1.0786812131164099	17	0.049272142240345554
ch.7745	1.431565252940293	0.9773922968555947	0.377360614316142	0.6453102933935657	0.9375592225564463	1.177024258181543	26	0.06403107417096093
ch.17089	0.7754505975719443	0.9615179504956259	0.9125854661540777	0.7218084254391053	0.3936038255302914	0.466224161185425	12	0.09977702450303552
ch.1758	1.5559573520506602	1.2858080745011053	1.2894603590554143	0.01656017833027923	0.14251679331045486	0.1309082691586806	12	0.018955460009328576
ch.11743	2.4377383337437832	1.0372054623716265	1.825740726275073	0.7256206602060357	-0.49224580402490914	0.9941685265497433	96	0.0016194783701705489
ch.559	2.513284906894278	1.1018220413847142	1.5253369335720919	1.4228185578927868	1.9907132345503207	0.24562802081947965	27	0.07877937076738177
ch.5636	2.525369596526714	1.0416770583663624	0.3412647509833081	1.6843828002092498	0.9400547095007534	0.7569951599102178	90	8.986542652279981e-05
ch.12532	0.8061485887915879	1.1318882360901563	0.9528458458537619	0.636080001291863	1.0818758554091228	0.825057624748732	23	0.0863535820500968
ch.5011	4.147455582444811	1.557951492305552	2.358418819571896	2.537156772722157	-0.6871626534249314	0.8498696142488863	75	2.878783110436638e-06
ch.12732	4.2602097626737105	1.0605504478653964	1.6324928569148192	2.1017360031728343	2.1568151672385225	-2.236471385032528	98	0.0037286406877659957
ch.4820	0.4558047083623137	0.692531277456666	0.9745836926954566	0.5558743436550647	1.7613865987687283	1.2287649066763606	97	0.6448136612668327
ch.1376	3.7067738391609293	1.573737292185342	1.401878938229086	0.5606148077574399	1.8703322582795576	2.497087149124142	38	0.05122358158114061
ch.10141	-0.09347607797818158	0.17797940250807265	0.45127502946599196	0.9876572205756745	0.8824060031093764	2.431142250476991	74	0.029397395169519582
ch.9920	1.5620707803031002	0.49338935891512015	1.180236356445856	1.620880768689759	-0.15155972598188272	0.756771625728725	14	0.6521287861895353
ch.368	1.0011924525636884	0.5412263924535369	1.7918547158294302	1.551040674022072	-0.24922750512746505	1.2910243870298133	13	0.15990617717685213
ch.1759	3.9142958459771293	2.3424498776759486	0.9869303241017175	0.3119719975308898	1.893936309043412	0.501078670616028	3	0.21108569726707033
ch.8432	0.8877528141267638	2.162212628426196	0.9669700195118875	1.5032387495636592	0.32557589153389166	1.4130530595709536	25	0.0002732318719900602
ch.474	0.3634057493359164	0.9187850395969002	0.5571665926257359	0.5035446055613005	1.0226360726994521	2.200289419176518	89	0.013696593817884442
ch.4264	2.673388353229748	1.1392896007160638	1.6189347378503338	1.8781160464234004	1.3862345175389206	0.17744339559871503	35	0.0001446906692675366
ch.9148	1.3035983611506383	0.07461587910885104	0.49669965193921817	1.6685517443881226	-0.1118027859341525	1.3720661382668697	60	0.034285186756832335
ch.13920	1.7043201955266079	1.6033231714480736	3.4577353148306433	1.676107347183549	-0.33978393802411666	0.9074002903532323	13	0.02218441739757927
ch.806	2.950795284026311	1.5802865943552327	1.4246461234191323	1.8497402106546381	-0.37011260332537477	0.24491050757387	22	0.15696886459002674
ch.1214	2.627597725445766	0.6182567781546889	1.6714058076877127	2.623945231018875	-1.2592333544890049	1.7526226118646229	96	0.02890395205482561
ch.12256	2.108759686022773	0.8329154179114838	0.5393788137145243	0.3391023034342068	-0.20648743057956098	0.010259552583387177	95	0.011332377456175899
ch.1233	0.8606643355729608	1.878943868491516	0.4043895468777493	0.28870332072975013	0.7980134055492122	1.1645649015466004	73	1.0178178272838823
ch.1221	1.3491394975935775	1.0585818507375349	0.9580545221951047	0.7118451261522439	0.2767902102547174	-0.5327891382474803	22	0.049392417511864045
ch.16990	2.7117746029371514	0.9017842544326515	1.9927730027552775	3.301746640152068	1.6162223205548714	-0.9210179413123105	61	0.01738060892484776
ch.391	2.072269167563268	0.45517175322426917	1.0739080396819338	1.014943035238836	-0.046228726902402206	1.2784191222280932	20	0.025307844779871847
ch.1053	0.6896536646789708	1.2844706656900509	1.237840202371498	1.1663786842573474	-0.03049876928508921	1.0347688130258321	14	0.19674072749618643
ch.4757	1.4131047490469006	0.8089126612759127	0.5561240111872042	0.4424028301149111	0.6683947028531838	1.5803224494814627	23	0.02050675287998057
ch.11581	1.056927862968812	0.992550296579691	1.4174301748452542	1.350277128259517	0.19492326854517383	0.6312524473706772	22	0.04669411744792413
ch.7481	3.6614537557609323	2.82031385388959	1.1351672918946472	1.4665188623201975	-0.08492269257409146	1.1767114517063662	48	0.06458925711816546
ch.6527	4.043507271092864	2.4127476150156344	1.4333824089920735	2.1812591143220805	-0.3167205776267954	0.4651876154542397	47	0.00019727479505696161
ch.7119	2.347393097654982	0.6856461917910712	0.9284706045143897	0.35451293756055646	-0.019843181769795604	1.1700911861408505	15	0.11284258572531958
ch.4045	0.6764003829808735	1.167260215201535	0.536236244064655	0.3316872201923817	0.7391876102673277	0.1641628773667766	16	0.532772718832926
ch.12941	0.7043942195154673	1.1193760016645182	0.7357634239286938	2.5059057833723646	0.5535079277408997	0.759546499802579	68	0.000404349787392388
ch.2302	1.2870710910497327	1.1013162657648532	1.6105173817538758	1.3479068196562949	0.639047349772049	0.6890508384220055	13	0.16644961037683226
ch.1770	1.4233103145963257	0.6770829449600646	0.5322918745473015	0.5533695946465499	1.1671657684965218	1.0053657438003232	35	0.02409512521698769
ch.1377	3.612104628022137	1.8003935200625634	0.7392439184510474	0.9797531780937709	1.6860945583305882	1.3117114460296568	30	0.08549664280372606
